family,map,d,algorithm,instance,expansions,cost,dijkstra_cost,scen_opt_octile,solved,capped
empty,empty-8-8.map,1,Dijkstra,0,47,6,6,4.24,true,false
empty,empty-8-8.map,1,A*,0,15,6,6,4.24,true,false
empty,empty-8-8.map,1,WA*(1.5),0,7,6,6,4.24,true,false
empty,empty-8-8.map,1,GBFS,0,7,6,6,4.24,true,false
empty,empty-8-8.map,1,IDA*,0,7,6,6,4.24,true,false
empty,empty-8-8.map,1,Dijkstra,1,17,4,4,2.83,true,false
empty,empty-8-8.map,1,A*,1,9,4,4,2.83,true,false
empty,empty-8-8.map,1,WA*(1.5),1,5,4,4,2.83,true,false
empty,empty-8-8.map,1,GBFS,1,5,4,4,2.83,true,false
empty,empty-8-8.map,1,IDA*,1,5,4,4,2.83,true,false
empty,empty-8-8.map,1,Dijkstra,2,35,6,6,5.41,true,false
empty,empty-8-8.map,1,A*,2,12,6,6,5.41,true,false
empty,empty-8-8.map,1,WA*(1.5),2,7,6,6,5.41,true,false
empty,empty-8-8.map,1,GBFS,2,7,6,6,5.41,true,false
empty,empty-8-8.map,1,IDA*,2,7,6,6,5.41,true,false
empty,empty-8-8.map,1,Dijkstra,3,43,6,6,5.41,true,false
empty,empty-8-8.map,1,A*,3,12,6,6,5.41,true,false
empty,empty-8-8.map,1,WA*(1.5),3,7,6,6,5.41,true,false
empty,empty-8-8.map,1,GBFS,3,7,6,6,5.41,true,false
empty,empty-8-8.map,1,IDA*,3,7,6,6,5.41,true,false
empty,empty-8-8.map,1,Dijkstra,4,12,3,3,2.41,true,false
empty,empty-8-8.map,1,A*,4,6,3,3,2.41,true,false
empty,empty-8-8.map,1,WA*(1.5),4,4,3,3,2.41,true,false
empty,empty-8-8.map,1,GBFS,4,4,3,3,2.41,true,false
empty,empty-8-8.map,1,IDA*,4,4,3,3,2.41,true,false
empty,empty-8-8.map,1,Dijkstra,5,44,8,8,7.41,true,false
empty,empty-8-8.map,1,A*,5,16,8,8,7.41,true,false
empty,empty-8-8.map,1,WA*(1.5),5,9,8,8,7.41,true,false
empty,empty-8-8.map,1,GBFS,5,9,8,8,7.41,true,false
empty,empty-8-8.map,1,IDA*,5,9,8,8,7.41,true,false
empty,empty-8-8.map,1,Dijkstra,6,29,7,7,5.24,true,false
empty,empty-8-8.map,1,A*,6,19,7,7,5.24,true,false
empty,empty-8-8.map,1,WA*(1.5),6,8,7,7,5.24,true,false
empty,empty-8-8.map,1,GBFS,6,8,7,7,5.24,true,false
empty,empty-8-8.map,1,IDA*,6,8,7,7,5.24,true,false
empty,empty-8-8.map,1,Dijkstra,7,32,5,5,3.83,true,false
empty,empty-8-8.map,1,A*,7,11,5,5,3.83,true,false
empty,empty-8-8.map,1,WA*(1.5),7,6,5,5,3.83,true,false
empty,empty-8-8.map,1,GBFS,7,6,5,5,3.83,true,false
empty,empty-8-8.map,1,IDA*,7,6,5,5,3.83,true,false
empty,empty-8-8.map,1,Dijkstra,8,45,5,5,4.41,true,false
empty,empty-8-8.map,1,A*,8,10,5,5,4.41,true,false
empty,empty-8-8.map,1,WA*(1.5),8,6,5,5,4.41,true,false
empty,empty-8-8.map,1,GBFS,8,6,5,5,4.41,true,false
empty,empty-8-8.map,1,IDA*,8,6,5,5,4.41,true,false
empty,empty-8-8.map,1,Dijkstra,9,37,4,4,3.41,true,false
empty,empty-8-8.map,1,A*,9,8,4,4,3.41,true,false
empty,empty-8-8.map,1,WA*(1.5),9,5,4,4,3.41,true,false
empty,empty-8-8.map,1,GBFS,9,5,4,4,3.41,true,false
empty,empty-8-8.map,1,IDA*,9,5,4,4,3.41,true,false
empty,empty-8-8.map,1,Dijkstra,10,42,7,7,5.83,true,false
empty,empty-8-8.map,1,A*,10,14,7,7,5.83,true,false
empty,empty-8-8.map,1,WA*(1.5),10,8,7,7,5.83,true,false
empty,empty-8-8.map,1,GBFS,10,8,7,7,5.83,true,false
empty,empty-8-8.map,1,IDA*,10,8,7,7,5.83,true,false
empty,empty-8-8.map,1,Dijkstra,11,4,1,1,1.00,true,false
empty,empty-8-8.map,1,A*,11,2,1,1,1.00,true,false
empty,empty-8-8.map,1,WA*(1.5),11,2,1,1,1.00,true,false
empty,empty-8-8.map,1,GBFS,11,2,1,1,1.00,true,false
empty,empty-8-8.map,1,IDA*,11,2,1,1,1.00,true,false
empty,empty-8-8.map,1,Dijkstra,12,18,5,5,4.41,true,false
empty,empty-8-8.map,1,A*,12,10,5,5,4.41,true,false
empty,empty-8-8.map,1,WA*(1.5),12,6,5,5,4.41,true,false
empty,empty-8-8.map,1,GBFS,12,6,5,5,4.41,true,false
empty,empty-8-8.map,1,IDA*,12,6,5,5,4.41,true,false
empty,empty-8-8.map,1,Dijkstra,13,21,4,4,3.41,true,false
empty,empty-8-8.map,1,A*,13,8,4,4,3.41,true,false
empty,empty-8-8.map,1,WA*(1.5),13,5,4,4,3.41,true,false
empty,empty-8-8.map,1,GBFS,13,5,4,4,3.41,true,false
empty,empty-8-8.map,1,IDA*,13,5,4,4,3.41,true,false
empty,empty-8-8.map,1,Dijkstra,14,58,7,7,5.83,true,false
empty,empty-8-8.map,1,A*,14,15,7,7,5.83,true,false
empty,empty-8-8.map,1,WA*(1.5),14,8,7,7,5.83,true,false
empty,empty-8-8.map,1,GBFS,14,8,7,7,5.83,true,false
empty,empty-8-8.map,1,IDA*,14,8,7,7,5.83,true,false
empty,empty-8-8.map,1,Dijkstra,15,5,1,1,1.00,true,false
empty,empty-8-8.map,1,A*,15,2,1,1,1.00,true,false
empty,empty-8-8.map,1,WA*(1.5),15,2,1,1,1.00,true,false
empty,empty-8-8.map,1,GBFS,15,2,1,1,1.00,true,false
empty,empty-8-8.map,1,IDA*,15,2,1,1,1.00,true,false
empty,empty-8-8.map,1,Dijkstra,16,38,5,5,4.41,true,false
empty,empty-8-8.map,1,A*,16,10,5,5,4.41,true,false
empty,empty-8-8.map,1,WA*(1.5),16,6,5,5,4.41,true,false
empty,empty-8-8.map,1,GBFS,16,6,5,5,4.41,true,false
empty,empty-8-8.map,1,IDA*,16,6,5,5,4.41,true,false
empty,empty-8-8.map,1,Dijkstra,17,37,6,6,4.83,true,false
empty,empty-8-8.map,1,A*,17,13,6,6,4.83,true,false
empty,empty-8-8.map,1,WA*(1.5),17,7,6,6,4.83,true,false
empty,empty-8-8.map,1,GBFS,17,7,6,6,4.83,true,false
empty,empty-8-8.map,1,IDA*,17,7,6,6,4.83,true,false
empty,empty-8-8.map,1,Dijkstra,18,7,2,2,2.00,true,false
empty,empty-8-8.map,1,A*,18,3,2,2,2.00,true,false
empty,empty-8-8.map,1,WA*(1.5),18,3,2,2,2.00,true,false
empty,empty-8-8.map,1,GBFS,18,3,2,2,2.00,true,false
empty,empty-8-8.map,1,IDA*,18,3,2,2,2.00,true,false
empty,empty-8-8.map,1,Dijkstra,19,15,3,3,2.41,true,false
empty,empty-8-8.map,1,A*,19,6,3,3,2.41,true,false
empty,empty-8-8.map,1,WA*(1.5),19,4,3,3,2.41,true,false
empty,empty-8-8.map,1,GBFS,19,4,3,3,2.41,true,false
empty,empty-8-8.map,1,IDA*,19,4,3,3,2.41,true,false
empty,empty-8-8.map,1,Dijkstra,20,29,4,4,3.41,true,false
empty,empty-8-8.map,1,A*,20,8,4,4,3.41,true,false
empty,empty-8-8.map,1,WA*(1.5),20,5,4,4,3.41,true,false
empty,empty-8-8.map,1,GBFS,20,5,4,4,3.41,true,false
empty,empty-8-8.map,1,IDA*,20,5,4,4,3.41,true,false
empty,empty-8-8.map,1,Dijkstra,21,9,2,2,2.00,true,false
empty,empty-8-8.map,1,A*,21,3,2,2,2.00,true,false
empty,empty-8-8.map,1,WA*(1.5),21,3,2,2,2.00,true,false
empty,empty-8-8.map,1,GBFS,21,3,2,2,2.00,true,false
empty,empty-8-8.map,1,IDA*,21,3,2,2,2.00,true,false
empty,empty-8-8.map,1,Dijkstra,22,39,4,4,3.41,true,false
empty,empty-8-8.map,1,A*,22,8,4,4,3.41,true,false
empty,empty-8-8.map,1,WA*(1.5),22,5,4,4,3.41,true,false
empty,empty-8-8.map,1,GBFS,22,5,4,4,3.41,true,false
empty,empty-8-8.map,1,IDA*,22,5,4,4,3.41,true,false
empty,empty-8-8.map,1,Dijkstra,23,32,4,4,3.41,true,false
empty,empty-8-8.map,1,A*,23,8,4,4,3.41,true,false
empty,empty-8-8.map,1,WA*(1.5),23,5,4,4,3.41,true,false
empty,empty-8-8.map,1,GBFS,23,5,4,4,3.41,true,false
empty,empty-8-8.map,1,IDA*,23,5,4,4,3.41,true,false
empty,empty-8-8.map,1,Dijkstra,24,20,3,3,3.00,true,false
empty,empty-8-8.map,1,A*,24,4,3,3,3.00,true,false
empty,empty-8-8.map,1,WA*(1.5),24,4,3,3,3.00,true,false
empty,empty-8-8.map,1,GBFS,24,4,3,3,3.00,true,false
empty,empty-8-8.map,1,IDA*,24,4,3,3,3.00,true,false
empty,empty-16-16.map,2,Dijkstra,0,63,6,6,5.41,true,false
empty,empty-16-16.map,2,A*,0,12,6,6,5.41,true,false
empty,empty-16-16.map,2,WA*(1.5),0,7,6,6,5.41,true,false
empty,empty-16-16.map,2,GBFS,0,7,6,6,5.41,true,false
empty,empty-16-16.map,2,IDA*,0,7,6,6,5.41,true,false
empty,empty-16-16.map,2,Dijkstra,1,189,17,17,12.31,true,false
empty,empty-16-16.map,2,A*,1,47,17,17,12.31,true,false
empty,empty-16-16.map,2,WA*(1.5),1,18,17,17,12.31,true,false
empty,empty-16-16.map,2,GBFS,1,18,17,17,12.31,true,false
empty,empty-16-16.map,2,IDA*,1,18,17,17,12.31,true,false
empty,empty-16-16.map,2,Dijkstra,2,44,6,6,4.83,true,false
empty,empty-16-16.map,2,A*,2,12,6,6,4.83,true,false
empty,empty-16-16.map,2,WA*(1.5),2,7,6,6,4.83,true,false
empty,empty-16-16.map,2,GBFS,2,7,6,6,4.83,true,false
empty,empty-16-16.map,2,IDA*,2,7,6,6,4.83,true,false
empty,empty-16-16.map,2,Dijkstra,3,251,17,17,12.31,true,false
empty,empty-16-16.map,2,A*,3,64,17,17,12.31,true,false
empty,empty-16-16.map,2,WA*(1.5),3,18,17,17,12.31,true,false
empty,empty-16-16.map,2,GBFS,3,18,17,17,12.31,true,false
empty,empty-16-16.map,2,IDA*,3,18,17,17,12.31,true,false
empty,empty-16-16.map,2,Dijkstra,4,26,6,6,5.41,true,false
empty,empty-16-16.map,2,A*,4,12,6,6,5.41,true,false
empty,empty-16-16.map,2,WA*(1.5),4,7,6,6,5.41,true,false
empty,empty-16-16.map,2,GBFS,4,7,6,6,5.41,true,false
empty,empty-16-16.map,2,IDA*,4,7,6,6,5.41,true,false
empty,empty-16-16.map,2,Dijkstra,5,27,4,4,4.00,true,false
empty,empty-16-16.map,2,A*,5,5,4,4,4.00,true,false
empty,empty-16-16.map,2,WA*(1.5),5,5,4,4,4.00,true,false
empty,empty-16-16.map,2,GBFS,5,5,4,4,4.00,true,false
empty,empty-16-16.map,2,IDA*,5,5,4,4,4.00,true,false
empty,empty-16-16.map,2,Dijkstra,6,224,16,16,11.31,true,false
empty,empty-16-16.map,2,A*,6,56,16,16,11.31,true,false
empty,empty-16-16.map,2,WA*(1.5),6,17,16,16,11.31,true,false
empty,empty-16-16.map,2,GBFS,6,17,16,16,11.31,true,false
empty,empty-16-16.map,2,IDA*,6,17,16,16,11.31,true,false
empty,empty-16-16.map,2,Dijkstra,7,241,17,17,12.90,true,false
empty,empty-16-16.map,2,A*,7,63,17,17,12.90,true,false
empty,empty-16-16.map,2,WA*(1.5),7,18,17,17,12.90,true,false
empty,empty-16-16.map,2,GBFS,7,18,17,17,12.90,true,false
empty,empty-16-16.map,2,IDA*,7,18,17,17,12.90,true,false
empty,empty-16-16.map,2,Dijkstra,8,127,8,8,7.41,true,false
empty,empty-16-16.map,2,A*,8,16,8,8,7.41,true,false
empty,empty-16-16.map,2,WA*(1.5),8,9,8,8,7.41,true,false
empty,empty-16-16.map,2,GBFS,8,9,8,8,7.41,true,false
empty,empty-16-16.map,2,IDA*,8,9,8,8,7.41,true,false
empty,empty-16-16.map,2,Dijkstra,9,207,13,13,9.49,true,false
empty,empty-16-16.map,2,A*,9,39,13,13,9.49,true,false
empty,empty-16-16.map,2,WA*(1.5),9,14,13,13,9.49,true,false
empty,empty-16-16.map,2,GBFS,9,14,13,13,9.49,true,false
empty,empty-16-16.map,2,IDA*,9,14,13,13,9.49,true,false
empty,empty-16-16.map,2,Dijkstra,10,141,9,9,8.41,true,false
empty,empty-16-16.map,2,A*,10,18,9,9,8.41,true,false
empty,empty-16-16.map,2,WA*(1.5),10,10,9,9,8.41,true,false
empty,empty-16-16.map,2,GBFS,10,10,9,9,8.41,true,false
empty,empty-16-16.map,2,IDA*,10,10,9,9,8.41,true,false
empty,empty-16-16.map,2,Dijkstra,11,86,7,7,5.83,true,false
empty,empty-16-16.map,2,A*,11,16,7,7,5.83,true,false
empty,empty-16-16.map,2,WA*(1.5),11,8,7,7,5.83,true,false
empty,empty-16-16.map,2,GBFS,11,8,7,7,5.83,true,false
empty,empty-16-16.map,2,IDA*,11,8,7,7,5.83,true,false
empty,empty-16-16.map,2,Dijkstra,12,176,13,13,12.41,true,false
empty,empty-16-16.map,2,A*,12,26,13,13,12.41,true,false
empty,empty-16-16.map,2,WA*(1.5),12,14,13,13,12.41,true,false
empty,empty-16-16.map,2,GBFS,12,14,13,13,12.41,true,false
empty,empty-16-16.map,2,IDA*,12,14,13,13,12.41,true,false
empty,empty-16-16.map,2,Dijkstra,13,208,14,14,11.07,true,false
empty,empty-16-16.map,2,A*,13,42,14,14,11.07,true,false
empty,empty-16-16.map,2,WA*(1.5),13,15,14,14,11.07,true,false
empty,empty-16-16.map,2,GBFS,13,15,14,14,11.07,true,false
empty,empty-16-16.map,2,IDA*,13,15,14,14,11.07,true,false
empty,empty-16-16.map,2,Dijkstra,14,163,13,13,11.83,true,false
empty,empty-16-16.map,2,A*,14,36,13,13,11.83,true,false
empty,empty-16-16.map,2,WA*(1.5),14,14,13,13,11.83,true,false
empty,empty-16-16.map,2,GBFS,14,14,13,13,11.83,true,false
empty,empty-16-16.map,2,IDA*,14,14,13,13,11.83,true,false
empty,empty-16-16.map,2,Dijkstra,15,100,7,7,5.24,true,false
empty,empty-16-16.map,2,A*,15,18,7,7,5.24,true,false
empty,empty-16-16.map,2,WA*(1.5),15,8,7,7,5.24,true,false
empty,empty-16-16.map,2,GBFS,15,8,7,7,5.24,true,false
empty,empty-16-16.map,2,IDA*,15,8,7,7,5.24,true,false
empty,empty-16-16.map,2,Dijkstra,16,234,19,19,14.31,true,false
empty,empty-16-16.map,2,A*,16,78,19,19,14.31,true,false
empty,empty-16-16.map,2,WA*(1.5),16,20,19,19,14.31,true,false
empty,empty-16-16.map,2,GBFS,16,20,19,19,14.31,true,false
empty,empty-16-16.map,2,IDA*,16,20,19,19,14.31,true,false
empty,empty-16-16.map,2,Dijkstra,17,27,4,4,3.41,true,false
empty,empty-16-16.map,2,A*,17,8,4,4,3.41,true,false
empty,empty-16-16.map,2,WA*(1.5),17,5,4,4,3.41,true,false
empty,empty-16-16.map,2,GBFS,17,5,4,4,3.41,true,false
empty,empty-16-16.map,2,IDA*,17,5,4,4,3.41,true,false
empty,empty-16-16.map,2,Dijkstra,18,34,5,5,4.41,true,false
empty,empty-16-16.map,2,A*,18,10,5,5,4.41,true,false
empty,empty-16-16.map,2,WA*(1.5),18,6,5,5,4.41,true,false
empty,empty-16-16.map,2,GBFS,18,6,5,5,4.41,true,false
empty,empty-16-16.map,2,IDA*,18,6,5,5,4.41,true,false
empty,empty-16-16.map,2,Dijkstra,19,34,7,7,5.83,true,false
empty,empty-16-16.map,2,A*,19,17,7,7,5.83,true,false
empty,empty-16-16.map,2,WA*(1.5),19,8,7,7,5.83,true,false
empty,empty-16-16.map,2,GBFS,19,8,7,7,5.83,true,false
empty,empty-16-16.map,2,IDA*,19,8,7,7,5.83,true,false
empty,empty-16-16.map,2,Dijkstra,20,238,13,13,9.49,true,false
empty,empty-16-16.map,2,A*,20,40,13,13,9.49,true,false
empty,empty-16-16.map,2,WA*(1.5),20,14,13,13,9.49,true,false
empty,empty-16-16.map,2,GBFS,20,14,13,13,9.49,true,false
empty,empty-16-16.map,2,IDA*,20,14,13,13,9.49,true,false
empty,empty-16-16.map,2,Dijkstra,21,168,13,13,12.41,true,false
empty,empty-16-16.map,2,A*,21,26,13,13,12.41,true,false
empty,empty-16-16.map,2,WA*(1.5),21,14,13,13,12.41,true,false
empty,empty-16-16.map,2,GBFS,21,14,13,13,12.41,true,false
empty,empty-16-16.map,2,IDA*,21,14,13,13,12.41,true,false
empty,empty-16-16.map,2,Dijkstra,22,220,16,16,12.49,true,false
empty,empty-16-16.map,2,A*,22,53,16,16,12.49,true,false
empty,empty-16-16.map,2,WA*(1.5),22,17,16,16,12.49,true,false
empty,empty-16-16.map,2,GBFS,22,17,16,16,12.49,true,false
empty,empty-16-16.map,2,IDA*,22,17,16,16,12.49,true,false
empty,empty-16-16.map,2,Dijkstra,23,147,13,13,11.24,true,false
empty,empty-16-16.map,2,A*,23,38,13,13,11.24,true,false
empty,empty-16-16.map,2,WA*(1.5),23,14,13,13,11.24,true,false
empty,empty-16-16.map,2,GBFS,23,14,13,13,11.24,true,false
empty,empty-16-16.map,2,IDA*,23,14,13,13,11.24,true,false
empty,empty-16-16.map,2,Dijkstra,24,220,20,20,14.14,true,false
empty,empty-16-16.map,2,A*,24,77,20,20,14.14,true,false
empty,empty-16-16.map,2,WA*(1.5),24,21,20,20,14.14,true,false
empty,empty-16-16.map,2,GBFS,24,21,20,20,14.14,true,false
empty,empty-16-16.map,2,IDA*,24,21,20,20,14.14,true,false
empty,empty-32-32.map,4,Dijkstra,0,210,10,10,9.41,true,false
empty,empty-32-32.map,4,A*,0,20,10,10,9.41,true,false
empty,empty-32-32.map,4,WA*(1.5),0,11,10,10,9.41,true,false
empty,empty-32-32.map,4,GBFS,0,11,10,10,9.41,true,false
empty,empty-32-32.map,4,IDA*,0,11,10,10,9.41,true,false
empty,empty-32-32.map,4,Dijkstra,1,318,14,14,12.24,true,false
empty,empty-32-32.map,4,A*,1,41,14,14,12.24,true,false
empty,empty-32-32.map,4,WA*(1.5),1,15,14,14,12.24,true,false
empty,empty-32-32.map,4,GBFS,1,15,14,14,12.24,true,false
empty,empty-32-32.map,4,IDA*,1,15,14,14,12.24,true,false
empty,empty-32-32.map,4,Dijkstra,2,921,37,37,31.14,true,false
empty,empty-32-32.map,4,A*,2,226,37,37,31.14,true,false
empty,empty-32-32.map,4,WA*(1.5),2,38,37,37,31.14,true,false
empty,empty-32-32.map,4,GBFS,2,38,37,37,31.14,true,false
empty,empty-32-32.map,4,IDA*,2,38,37,37,31.14,true,false
empty,empty-32-32.map,4,Dijkstra,3,149,11,11,11.00,true,false
empty,empty-32-32.map,4,A*,3,12,11,11,11.00,true,false
empty,empty-32-32.map,4,WA*(1.5),3,12,11,11,11.00,true,false
empty,empty-32-32.map,4,GBFS,3,12,11,11,11.00,true,false
empty,empty-32-32.map,4,IDA*,3,12,11,11,11.00,true,false
empty,empty-32-32.map,4,Dijkstra,4,1021,48,48,37.46,true,false
empty,empty-32-32.map,4,A*,4,394,48,48,37.46,true,false
empty,empty-32-32.map,4,WA*(1.5),4,49,48,48,37.46,true,false
empty,empty-32-32.map,4,GBFS,4,49,48,48,37.46,true,false
empty,empty-32-32.map,4,IDA*,4,49,48,48,37.46,true,false
empty,empty-32-32.map,4,Dijkstra,5,762,28,28,25.66,true,false
empty,empty-32-32.map,4,A*,5,100,28,28,25.66,true,false
empty,empty-32-32.map,4,WA*(1.5),5,29,28,28,25.66,true,false
empty,empty-32-32.map,4,GBFS,5,29,28,28,25.66,true,false
empty,empty-32-32.map,4,IDA*,5,29,28,28,25.66,true,false
empty,empty-32-32.map,4,Dijkstra,6,398,22,22,21.41,true,false
empty,empty-32-32.map,4,A*,6,44,22,22,21.41,true,false
empty,empty-32-32.map,4,WA*(1.5),6,23,22,22,21.41,true,false
empty,empty-32-32.map,4,GBFS,6,23,22,22,21.41,true,false
empty,empty-32-32.map,4,IDA*,6,23,22,22,21.41,true,false
empty,empty-32-32.map,4,Dijkstra,7,9,2,2,2.00,true,false
empty,empty-32-32.map,4,A*,7,3,2,2,2.00,true,false
empty,empty-32-32.map,4,WA*(1.5),7,3,2,2,2.00,true,false
empty,empty-32-32.map,4,GBFS,7,3,2,2,2.00,true,false
empty,empty-32-32.map,4,IDA*,7,3,2,2,2.00,true,false
empty,empty-32-32.map,4,Dijkstra,8,225,11,11,9.24,true,false
empty,empty-32-32.map,4,A*,8,24,11,11,9.24,true,false
empty,empty-32-32.map,4,WA*(1.5),8,12,11,11,9.24,true,false
empty,empty-32-32.map,4,GBFS,8,12,11,11,9.24,true,false
empty,empty-32-32.map,4,IDA*,8,12,11,11,9.24,true,false
empty,empty-32-32.map,4,Dijkstra,9,861,32,32,27.90,true,false
empty,empty-32-32.map,4,A*,9,150,32,32,27.90,true,false
empty,empty-32-32.map,4,WA*(1.5),9,33,32,32,27.90,true,false
empty,empty-32-32.map,4,GBFS,9,33,32,32,27.90,true,false
empty,empty-32-32.map,4,IDA*,9,33,32,32,27.90,true,false
empty,empty-32-32.map,4,Dijkstra,10,100,7,7,5.83,true,false
empty,empty-32-32.map,4,A*,10,16,7,7,5.83,true,false
empty,empty-32-32.map,4,WA*(1.5),10,8,7,7,5.83,true,false
empty,empty-32-32.map,4,GBFS,10,8,7,7,5.83,true,false
empty,empty-32-32.map,4,IDA*,10,8,7,7,5.83,true,false
empty,empty-32-32.map,4,Dijkstra,11,274,16,16,12.49,true,false
empty,empty-32-32.map,4,A*,11,53,16,16,12.49,true,false
empty,empty-32-32.map,4,WA*(1.5),11,17,16,16,12.49,true,false
empty,empty-32-32.map,4,GBFS,11,17,16,16,12.49,true,false
empty,empty-32-32.map,4,IDA*,11,17,16,16,12.49,true,false
empty,empty-32-32.map,4,Dijkstra,12,11,2,2,2.00,true,false
empty,empty-32-32.map,4,A*,12,3,2,2,2.00,true,false
empty,empty-32-32.map,4,WA*(1.5),12,3,2,2,2.00,true,false
empty,empty-32-32.map,4,GBFS,12,3,2,2,2.00,true,false
empty,empty-32-32.map,4,IDA*,12,3,2,2,2.00,true,false
empty,empty-32-32.map,4,Dijkstra,13,112,7,7,6.41,true,false
empty,empty-32-32.map,4,A*,13,14,7,7,6.41,true,false
empty,empty-32-32.map,4,WA*(1.5),13,8,7,7,6.41,true,false
empty,empty-32-32.map,4,GBFS,13,8,7,7,6.41,true,false
empty,empty-32-32.map,4,IDA*,13,8,7,7,6.41,true,false
empty,empty-32-32.map,4,Dijkstra,14,375,18,18,15.66,true,false
empty,empty-32-32.map,4,A*,14,52,18,18,15.66,true,false
empty,empty-32-32.map,4,WA*(1.5),14,19,18,18,15.66,true,false
empty,empty-32-32.map,4,GBFS,14,19,18,18,15.66,true,false
empty,empty-32-32.map,4,IDA*,14,19,18,18,15.66,true,false
empty,empty-32-32.map,4,Dijkstra,15,466,25,25,19.14,true,false
empty,empty-32-32.map,4,A*,15,115,25,25,19.14,true,false
empty,empty-32-32.map,4,WA*(1.5),15,26,25,25,19.14,true,false
empty,empty-32-32.map,4,GBFS,15,26,25,25,19.14,true,false
empty,empty-32-32.map,4,IDA*,15,26,25,25,19.14,true,false
empty,empty-32-32.map,4,Dijkstra,16,995,34,34,25.21,true,false
empty,empty-32-32.map,4,A*,16,214,34,34,25.21,true,false
empty,empty-32-32.map,4,WA*(1.5),16,35,34,34,25.21,true,false
empty,empty-32-32.map,4,GBFS,16,35,34,34,25.21,true,false
empty,empty-32-32.map,4,IDA*,16,35,34,34,25.21,true,false
empty,empty-32-32.map,4,Dijkstra,17,716,22,22,18.49,true,false
empty,empty-32-32.map,4,A*,17,67,22,22,18.49,true,false
empty,empty-32-32.map,4,WA*(1.5),17,23,22,22,18.49,true,false
empty,empty-32-32.map,4,GBFS,17,23,22,22,18.49,true,false
empty,empty-32-32.map,4,IDA*,17,23,22,22,18.49,true,false
empty,empty-32-32.map,4,Dijkstra,18,346,17,17,12.90,true,false
empty,empty-32-32.map,4,A*,18,65,17,17,12.90,true,false
empty,empty-32-32.map,4,WA*(1.5),18,18,17,17,12.90,true,false
empty,empty-32-32.map,4,GBFS,18,18,17,17,12.90,true,false
empty,empty-32-32.map,4,IDA*,18,18,17,17,12.90,true,false
empty,empty-32-32.map,4,Dijkstra,19,679,31,31,29.24,true,false
empty,empty-32-32.map,4,A*,19,96,31,31,29.24,true,false
empty,empty-32-32.map,4,WA*(1.5),19,32,31,31,29.24,true,false
empty,empty-32-32.map,4,GBFS,19,32,31,31,29.24,true,false
empty,empty-32-32.map,4,IDA*,19,32,31,31,29.24,true,false
empty,empty-32-32.map,4,Dijkstra,20,158,11,11,10.41,true,false
empty,empty-32-32.map,4,A*,20,22,11,11,10.41,true,false
empty,empty-32-32.map,4,WA*(1.5),20,12,11,11,10.41,true,false
empty,empty-32-32.map,4,GBFS,20,12,11,11,10.41,true,false
empty,empty-32-32.map,4,IDA*,20,12,11,11,10.41,true,false
empty,empty-32-32.map,4,Dijkstra,21,1011,35,35,26.80,true,false
empty,empty-32-32.map,4,A*,21,178,35,35,26.80,true,false
empty,empty-32-32.map,4,WA*(1.5),21,36,35,35,26.80,true,false
empty,empty-32-32.map,4,GBFS,21,36,35,35,26.80,true,false
empty,empty-32-32.map,4,IDA*,21,36,35,35,26.80,true,false
empty,empty-32-32.map,4,Dijkstra,22,151,9,9,6.66,true,false
empty,empty-32-32.map,4,A*,22,24,9,9,6.66,true,false
empty,empty-32-32.map,4,WA*(1.5),22,10,9,9,6.66,true,false
empty,empty-32-32.map,4,GBFS,22,10,9,9,6.66,true,false
empty,empty-32-32.map,4,IDA*,22,10,9,9,6.66,true,false
empty,empty-32-32.map,4,Dijkstra,23,36,4,4,3.41,true,false
empty,empty-32-32.map,4,A*,23,8,4,4,3.41,true,false
empty,empty-32-32.map,4,WA*(1.5),23,5,4,4,3.41,true,false
empty,empty-32-32.map,4,GBFS,23,5,4,4,3.41,true,false
empty,empty-32-32.map,4,IDA*,23,5,4,4,3.41,true,false
empty,empty-32-32.map,4,Dijkstra,24,786,35,35,32.07,true,false
empty,empty-32-32.map,4,A*,24,147,35,35,32.07,true,false
empty,empty-32-32.map,4,WA*(1.5),24,36,35,35,32.07,true,false
empty,empty-32-32.map,4,GBFS,24,36,35,35,32.07,true,false
empty,empty-32-32.map,4,IDA*,24,36,35,35,32.07,true,false
empty,empty-48-48.map,6,Dijkstra,0,1033,35,35,30.31,true,false
empty,empty-48-48.map,6,A*,0,156,35,35,30.31,true,false
empty,empty-48-48.map,6,WA*(1.5),0,36,35,35,30.31,true,false
empty,empty-48-48.map,6,GBFS,0,36,35,35,30.31,true,false
empty,empty-48-48.map,6,IDA*,0,36,35,35,30.31,true,false
empty,empty-48-48.map,6,Dijkstra,1,1770,41,41,39.24,true,false
empty,empty-48-48.map,6,A*,1,130,41,41,39.24,true,false
empty,empty-48-48.map,6,WA*(1.5),1,42,41,41,39.24,true,false
empty,empty-48-48.map,6,GBFS,1,42,41,41,39.24,true,false
empty,empty-48-48.map,6,IDA*,1,42,41,41,39.24,true,false
empty,empty-48-48.map,6,Dijkstra,2,367,18,18,14.49,true,false
empty,empty-48-48.map,6,A*,2,56,18,18,14.49,true,false
empty,empty-48-48.map,6,WA*(1.5),2,19,18,18,14.49,true,false
empty,empty-48-48.map,6,GBFS,2,19,18,18,14.49,true,false
empty,empty-48-48.map,6,IDA*,2,19,18,18,14.49,true,false
empty,empty-48-48.map,6,Dijkstra,3,622,24,24,22.24,true,false
empty,empty-48-48.map,6,A*,3,71,24,24,22.24,true,false
empty,empty-48-48.map,6,WA*(1.5),3,25,24,24,22.24,true,false
empty,empty-48-48.map,6,GBFS,3,25,24,24,22.24,true,false
empty,empty-48-48.map,6,IDA*,3,25,24,24,22.24,true,false
empty,empty-48-48.map,6,Dijkstra,4,1213,28,28,21.56,true,false
empty,empty-48-48.map,6,A*,4,123,28,28,21.56,true,false
empty,empty-48-48.map,6,WA*(1.5),4,29,28,28,21.56,true,false
empty,empty-48-48.map,6,GBFS,4,29,28,28,21.56,true,false
empty,empty-48-48.map,6,IDA*,4,29,28,28,21.56,true,false
empty,empty-48-48.map,6,Dijkstra,5,383,14,14,12.83,true,false
empty,empty-48-48.map,6,A*,5,32,14,14,12.83,true,false
empty,empty-48-48.map,6,WA*(1.5),5,15,14,14,12.83,true,false
empty,empty-48-48.map,6,GBFS,5,15,14,14,12.83,true,false
empty,empty-48-48.map,6,IDA*,5,15,14,14,12.83,true,false
empty,empty-48-48.map,6,Dijkstra,6,2293,78,78,56.33,true,false
empty,empty-48-48.map,6,A*,6,545,78,78,56.33,true,false
empty,empty-48-48.map,6,WA*(1.5),6,79,78,78,56.33,true,false
empty,empty-48-48.map,6,GBFS,6,79,78,78,56.33,true,false
empty,empty-48-48.map,6,IDA*,6,79,78,78,56.33,true,false
empty,empty-48-48.map,6,Dijkstra,7,2289,63,63,46.60,true,false
empty,empty-48-48.map,6,A*,7,427,63,63,46.60,true,false
empty,empty-48-48.map,6,WA*(1.5),7,64,63,63,46.60,true,false
empty,empty-48-48.map,6,GBFS,7,64,63,63,46.60,true,false
empty,empty-48-48.map,6,IDA*,7,64,63,63,46.60,true,false
empty,empty-48-48.map,6,Dijkstra,8,86,9,9,6.66,true,false
empty,empty-48-48.map,6,A*,8,23,9,9,6.66,true,false
empty,empty-48-48.map,6,WA*(1.5),8,10,9,9,6.66,true,false
empty,empty-48-48.map,6,GBFS,8,10,9,9,6.66,true,false
empty,empty-48-48.map,6,IDA*,8,10,9,9,6.66,true,false
empty,empty-48-48.map,6,Dijkstra,9,643,26,26,20.73,true,false
empty,empty-48-48.map,6,A*,9,108,26,26,20.73,true,false
empty,empty-48-48.map,6,WA*(1.5),9,27,26,26,20.73,true,false
empty,empty-48-48.map,6,GBFS,9,27,26,26,20.73,true,false
empty,empty-48-48.map,6,IDA*,9,27,26,26,20.73,true,false
empty,empty-48-48.map,6,Dijkstra,10,1058,24,24,24.00,true,false
empty,empty-48-48.map,6,A*,10,25,24,24,24.00,true,false
empty,empty-48-48.map,6,WA*(1.5),10,25,24,24,24.00,true,false
empty,empty-48-48.map,6,GBFS,10,25,24,24,24.00,true,false
empty,empty-48-48.map,6,IDA*,10,25,24,24,24.00,true,false
empty,empty-48-48.map,6,Dijkstra,11,2120,44,44,35.80,true,false
empty,empty-48-48.map,6,A*,11,226,44,44,35.80,true,false
empty,empty-48-48.map,6,WA*(1.5),11,45,44,44,35.80,true,false
empty,empty-48-48.map,6,GBFS,11,45,44,44,35.80,true,false
empty,empty-48-48.map,6,IDA*,11,45,44,44,35.80,true,false
empty,empty-48-48.map,6,Dijkstra,12,2143,52,52,37.36,true,false
empty,empty-48-48.map,6,A*,12,275,52,52,37.36,true,false
empty,empty-48-48.map,6,WA*(1.5),12,53,52,52,37.36,true,false
empty,empty-48-48.map,6,GBFS,12,53,52,52,37.36,true,false
empty,empty-48-48.map,6,IDA*,12,53,52,52,37.36,true,false
empty,empty-48-48.map,6,Dijkstra,13,2206,70,70,52.43,true,false
empty,empty-48-48.map,6,A*,13,679,70,70,52.43,true,false
empty,empty-48-48.map,6,WA*(1.5),13,71,70,70,52.43,true,false
empty,empty-48-48.map,6,GBFS,13,71,70,70,52.43,true,false
empty,empty-48-48.map,6,IDA*,13,71,70,70,52.43,true,false
empty,empty-48-48.map,6,Dijkstra,14,1887,48,48,38.63,true,false
empty,empty-48-48.map,6,A*,14,383,48,48,38.63,true,false
empty,empty-48-48.map,6,WA*(1.5),14,49,48,48,38.63,true,false
empty,empty-48-48.map,6,GBFS,14,49,48,48,38.63,true,false
empty,empty-48-48.map,6,IDA*,14,49,48,48,38.63,true,false
empty,empty-48-48.map,6,Dijkstra,15,1024,29,29,24.90,true,false
empty,empty-48-48.map,6,A*,15,112,29,29,24.90,true,false
empty,empty-48-48.map,6,WA*(1.5),15,30,29,29,24.90,true,false
empty,empty-48-48.map,6,GBFS,15,30,29,29,24.90,true,false
empty,empty-48-48.map,6,IDA*,15,30,29,29,24.90,true,false
empty,empty-48-48.map,6,Dijkstra,16,124,8,8,8.00,true,false
empty,empty-48-48.map,6,A*,16,9,8,8,8.00,true,false
empty,empty-48-48.map,6,WA*(1.5),16,9,8,8,8.00,true,false
empty,empty-48-48.map,6,GBFS,16,9,8,8,8.00,true,false
empty,empty-48-48.map,6,IDA*,16,9,8,8,8.00,true,false
empty,empty-48-48.map,6,Dijkstra,17,1845,51,51,38.11,true,false
empty,empty-48-48.map,6,A*,17,274,51,51,38.11,true,false
empty,empty-48-48.map,6,WA*(1.5),17,52,51,51,38.11,true,false
empty,empty-48-48.map,6,GBFS,17,52,51,51,38.11,true,false
empty,empty-48-48.map,6,IDA*,17,52,51,51,38.11,true,false
empty,empty-48-48.map,6,Dijkstra,18,146,9,9,8.41,true,false
empty,empty-48-48.map,6,A*,18,18,9,9,8.41,true,false
empty,empty-48-48.map,6,WA*(1.5),18,10,9,9,8.41,true,false
empty,empty-48-48.map,6,GBFS,18,10,9,9,8.41,true,false
empty,empty-48-48.map,6,IDA*,18,10,9,9,8.41,true,false
empty,empty-48-48.map,6,Dijkstra,19,991,30,30,27.66,true,false
empty,empty-48-48.map,6,A*,19,105,30,30,27.66,true,false
empty,empty-48-48.map,6,WA*(1.5),19,31,30,30,27.66,true,false
empty,empty-48-48.map,6,GBFS,19,31,30,30,27.66,true,false
empty,empty-48-48.map,6,IDA*,19,31,30,30,27.66,true,false
empty,empty-48-48.map,6,Dijkstra,20,932,23,23,17.14,true,false
empty,empty-48-48.map,6,A*,20,137,23,23,17.14,true,false
empty,empty-48-48.map,6,WA*(1.5),20,24,23,23,17.14,true,false
empty,empty-48-48.map,6,GBFS,20,24,23,23,17.14,true,false
empty,empty-48-48.map,6,IDA*,20,24,23,23,17.14,true,false
empty,empty-48-48.map,6,Dijkstra,21,599,25,25,18.56,true,false
empty,empty-48-48.map,6,A*,21,116,25,25,18.56,true,false
empty,empty-48-48.map,6,WA*(1.5),21,26,25,25,18.56,true,false
empty,empty-48-48.map,6,GBFS,21,26,25,25,18.56,true,false
empty,empty-48-48.map,6,IDA*,21,26,25,25,18.56,true,false
empty,empty-48-48.map,6,Dijkstra,22,1570,35,35,28.56,true,false
empty,empty-48-48.map,6,A*,22,145,35,35,28.56,true,false
empty,empty-48-48.map,6,WA*(1.5),22,36,35,35,28.56,true,false
empty,empty-48-48.map,6,GBFS,22,36,35,35,28.56,true,false
empty,empty-48-48.map,6,IDA*,22,36,35,35,28.56,true,false
empty,empty-48-48.map,6,Dijkstra,23,1887,49,49,42.56,true,false
empty,empty-48-48.map,6,A*,23,250,49,49,42.56,true,false
empty,empty-48-48.map,6,WA*(1.5),23,50,49,49,42.56,true,false
empty,empty-48-48.map,6,GBFS,23,50,49,49,42.56,true,false
empty,empty-48-48.map,6,IDA*,23,50,49,49,42.56,true,false
empty,empty-48-48.map,6,Dijkstra,24,825,22,22,18.49,true,false
empty,empty-48-48.map,6,A*,24,78,22,22,18.49,true,false
empty,empty-48-48.map,6,WA*(1.5),24,23,22,22,18.49,true,false
empty,empty-48-48.map,6,GBFS,24,23,22,22,18.49,true,false
empty,empty-48-48.map,6,IDA*,24,23,22,22,18.49,true,false
random10,random-32-32-10.map,2,Dijkstra,0,353,16,16,13.66,true,false
random10,random-32-32-10.map,2,A*,0,48,16,16,13.66,true,false
random10,random-32-32-10.map,2,WA*(1.5),0,17,16,16,13.66,true,false
random10,random-32-32-10.map,2,GBFS,0,17,16,16,13.66,true,false
random10,random-32-32-10.map,2,IDA*,0,17,16,16,13.66,true,false
random10,random-32-32-10.map,2,Dijkstra,1,321,14,14,11.07,true,false
random10,random-32-32-10.map,2,A*,1,42,14,14,11.07,true,false
random10,random-32-32-10.map,2,WA*(1.5),1,15,14,14,11.07,true,false
random10,random-32-32-10.map,2,GBFS,1,15,14,14,11.07,true,false
random10,random-32-32-10.map,2,IDA*,1,15,14,14,11.07,true,false
random10,random-32-32-10.map,2,Dijkstra,2,802,31,31,28.07,true,false
random10,random-32-32-10.map,2,A*,2,104,31,31,28.07,true,false
random10,random-32-32-10.map,2,WA*(1.5),2,43,33,31,28.07,true,false
random10,random-32-32-10.map,2,GBFS,2,38,37,31,28.07,true,false
random10,random-32-32-10.map,2,IDA*,2,137,31,31,28.07,true,false
random10,random-32-32-10.map,2,Dijkstra,3,881,32,32,25.56,true,false
random10,random-32-32-10.map,2,A*,3,128,32,32,25.56,true,false
random10,random-32-32-10.map,2,WA*(1.5),3,41,32,32,25.56,true,false
random10,random-32-32-10.map,2,GBFS,3,38,34,32,25.56,true,false
random10,random-32-32-10.map,2,IDA*,3,48,32,32,25.56,true,false
random10,random-32-32-10.map,2,Dijkstra,4,149,12,12,11.41,true,false
random10,random-32-32-10.map,2,A*,4,25,12,12,11.41,true,false
random10,random-32-32-10.map,2,WA*(1.5),4,16,14,12,11.41,true,false
random10,random-32-32-10.map,2,GBFS,4,16,14,12,11.41,true,false
random10,random-32-32-10.map,2,IDA*,4,42,12,12,11.41,true,false
random10,random-32-32-10.map,2,Dijkstra,5,631,28,28,26.24,true,false
random10,random-32-32-10.map,2,A*,5,100,28,28,26.24,true,false
random10,random-32-32-10.map,2,WA*(1.5),5,30,28,28,26.24,true,false
random10,random-32-32-10.map,2,GBFS,5,30,28,28,26.24,true,false
random10,random-32-32-10.map,2,IDA*,5,30,28,28,26.24,true,false
random10,random-32-32-10.map,2,Dijkstra,6,249,12,12,10.24,true,false
random10,random-32-32-10.map,2,A*,6,30,12,12,10.24,true,false
random10,random-32-32-10.map,2,WA*(1.5),6,15,12,12,10.24,true,false
random10,random-32-32-10.map,2,GBFS,6,15,12,12,10.24,true,false
random10,random-32-32-10.map,2,IDA*,6,16,12,12,10.24,true,false
random10,random-32-32-10.map,2,Dijkstra,7,550,27,27,24.66,true,false
random10,random-32-32-10.map,2,A*,7,82,27,27,24.66,true,false
random10,random-32-32-10.map,2,WA*(1.5),7,31,27,27,24.66,true,false
random10,random-32-32-10.map,2,GBFS,7,30,29,27,24.66,true,false
random10,random-32-32-10.map,2,IDA*,7,31,27,27,24.66,true,false
random10,random-32-32-10.map,2,Dijkstra,8,499,22,22,16.14,true,false
random10,random-32-32-10.map,2,A*,8,77,22,22,16.14,true,false
random10,random-32-32-10.map,2,WA*(1.5),8,23,22,22,16.14,true,false
random10,random-32-32-10.map,2,GBFS,8,23,22,22,16.14,true,false
random10,random-32-32-10.map,2,IDA*,8,23,22,22,16.14,true,false
random10,random-32-32-10.map,2,Dijkstra,9,877,46,46,35.46,true,false
random10,random-32-32-10.map,2,A*,9,260,46,46,35.46,true,false
random10,random-32-32-10.map,2,WA*(1.5),9,50,48,46,35.46,true,false
random10,random-32-32-10.map,2,GBFS,9,50,48,46,35.46,true,false
random10,random-32-32-10.map,2,IDA*,9,344,46,46,35.46,true,false
random10,random-32-32-10.map,2,Dijkstra,10,351,21,21,16.90,true,false
random10,random-32-32-10.map,2,A*,10,66,21,21,16.90,true,false
random10,random-32-32-10.map,2,WA*(1.5),10,28,21,21,16.90,true,false
random10,random-32-32-10.map,2,GBFS,10,27,23,21,16.90,true,false
random10,random-32-32-10.map,2,IDA*,10,32,21,21,16.90,true,false
random10,random-32-32-10.map,2,Dijkstra,11,773,33,33,26.56,true,false
random10,random-32-32-10.map,2,A*,11,131,33,33,26.56,true,false
random10,random-32-32-10.map,2,WA*(1.5),11,42,35,33,26.56,true,false
random10,random-32-32-10.map,2,GBFS,11,38,37,33,26.56,true,false
random10,random-32-32-10.map,2,IDA*,11,133,33,33,26.56,true,false
random10,random-32-32-10.map,2,Dijkstra,12,730,33,33,25.97,true,false
random10,random-32-32-10.map,2,A*,12,146,33,33,25.97,true,false
random10,random-32-32-10.map,2,WA*(1.5),12,36,35,33,25.97,true,false
random10,random-32-32-10.map,2,GBFS,12,36,35,33,25.97,true,false
random10,random-32-32-10.map,2,IDA*,12,62,33,33,25.97,true,false
random10,random-32-32-10.map,2,Dijkstra,13,633,31,31,25.97,true,false
random10,random-32-32-10.map,2,A*,13,115,31,31,25.97,true,false
random10,random-32-32-10.map,2,WA*(1.5),13,37,35,31,25.97,true,false
random10,random-32-32-10.map,2,GBFS,13,36,35,31,25.97,true,false
random10,random-32-32-10.map,2,IDA*,13,410,31,31,25.97,true,false
random10,random-32-32-10.map,2,Dijkstra,14,513,29,29,22.56,true,false
random10,random-32-32-10.map,2,A*,14,112,29,29,22.56,true,false
random10,random-32-32-10.map,2,WA*(1.5),14,37,29,29,22.56,true,false
random10,random-32-32-10.map,2,GBFS,14,33,31,29,22.56,true,false
random10,random-32-32-10.map,2,IDA*,14,52,29,29,22.56,true,false
random10,random-32-32-10.map,2,Dijkstra,15,341,18,18,13.31,true,false
random10,random-32-32-10.map,2,A*,15,60,18,18,13.31,true,false
random10,random-32-32-10.map,2,WA*(1.5),15,19,18,18,13.31,true,false
random10,random-32-32-10.map,2,GBFS,15,19,18,18,13.31,true,false
random10,random-32-32-10.map,2,IDA*,15,19,18,18,13.31,true,false
random10,random-32-32-10.map,2,Dijkstra,16,881,41,41,32.80,true,false
random10,random-32-32-10.map,2,A*,16,248,41,41,32.80,true,false
random10,random-32-32-10.map,2,WA*(1.5),16,45,43,41,32.80,true,false
random10,random-32-32-10.map,2,GBFS,16,45,43,41,32.80,true,false
random10,random-32-32-10.map,2,IDA*,16,98,41,41,32.80,true,false
random10,random-32-32-10.map,2,Dijkstra,17,797,39,39,29.04,true,false
random10,random-32-32-10.map,2,A*,17,174,39,39,29.04,true,false
random10,random-32-32-10.map,2,WA*(1.5),17,43,39,39,29.04,true,false
random10,random-32-32-10.map,2,GBFS,17,43,39,39,29.04,true,false
random10,random-32-32-10.map,2,IDA*,17,43,39,39,29.04,true,false
random10,random-32-32-10.map,2,Dijkstra,18,272,13,13,11.83,true,false
random10,random-32-32-10.map,2,A*,18,30,13,13,11.83,true,false
random10,random-32-32-10.map,2,WA*(1.5),18,15,13,13,11.83,true,false
random10,random-32-32-10.map,2,GBFS,18,15,13,13,11.83,true,false
random10,random-32-32-10.map,2,IDA*,18,15,13,13,11.83,true,false
random10,random-32-32-10.map,2,Dijkstra,19,701,32,32,29.07,true,false
random10,random-32-32-10.map,2,A*,19,131,32,32,29.07,true,false
random10,random-32-32-10.map,2,WA*(1.5),19,33,32,32,29.07,true,false
random10,random-32-32-10.map,2,GBFS,19,33,32,32,29.07,true,false
random10,random-32-32-10.map,2,IDA*,19,33,32,32,29.07,true,false
random10,random-32-32-10.map,2,Dijkstra,20,396,20,20,17.66,true,false
random10,random-32-32-10.map,2,A*,20,47,20,20,17.66,true,false
random10,random-32-32-10.map,2,WA*(1.5),20,21,20,20,17.66,true,false
random10,random-32-32-10.map,2,GBFS,20,21,20,20,17.66,true,false
random10,random-32-32-10.map,2,IDA*,20,155,20,20,17.66,true,false
random10,random-32-32-10.map,2,Dijkstra,21,342,16,16,14.83,true,false
random10,random-32-32-10.map,2,A*,21,33,16,16,14.83,true,false
random10,random-32-32-10.map,2,WA*(1.5),21,17,16,16,14.83,true,false
random10,random-32-32-10.map,2,GBFS,21,17,16,16,14.83,true,false
random10,random-32-32-10.map,2,IDA*,21,17,16,16,14.83,true,false
random10,random-32-32-10.map,2,Dijkstra,22,627,30,30,27.07,true,false
random10,random-32-32-10.map,2,A*,22,106,30,30,27.07,true,false
random10,random-32-32-10.map,2,WA*(1.5),22,40,30,30,27.07,true,false
random10,random-32-32-10.map,2,GBFS,22,35,30,30,27.07,true,false
random10,random-32-32-10.map,2,IDA*,22,1907,30,30,27.07,true,false
random10,random-32-32-10.map,2,Dijkstra,23,740,31,31,27.73,true,false
random10,random-32-32-10.map,2,A*,23,120,31,31,27.73,true,false
random10,random-32-32-10.map,2,WA*(1.5),23,48,33,31,27.73,true,false
random10,random-32-32-10.map,2,GBFS,23,39,37,31,27.73,true,false
random10,random-32-32-10.map,2,IDA*,23,97739,31,31,27.73,true,false
random10,random-32-32-10.map,2,Dijkstra,24,219,12,12,11.41,true,false
random10,random-32-32-10.map,2,A*,24,21,12,12,11.41,true,false
random10,random-32-32-10.map,2,WA*(1.5),24,13,12,12,11.41,true,false
random10,random-32-32-10.map,2,GBFS,24,13,12,12,11.41,true,false
random10,random-32-32-10.map,2,IDA*,24,13,12,12,11.41,true,false
random10,random-64-64-10.map,4,Dijkstra,0,3135,62,62,53.80,true,false
random10,random-64-64-10.map,4,A*,0,411,62,62,53.80,true,false
random10,random-64-64-10.map,4,WA*(1.5),0,71,66,62,53.80,true,false
random10,random-64-64-10.map,4,GBFS,0,69,66,62,53.80,true,false
random10,random-64-64-10.map,4,IDA*,0,36100,62,62,53.80,true,false
random10,random-64-64-10.map,4,Dijkstra,1,3507,82,82,65.60,true,false
random10,random-64-64-10.map,4,A*,1,754,82,82,65.60,true,false
random10,random-64-64-10.map,4,WA*(1.5),1,98,86,82,65.60,true,false
random10,random-64-64-10.map,4,GBFS,1,91,88,82,65.60,true,false
random10,random-64-64-10.map,4,IDA*,1,236,82,82,65.60,true,false
random10,random-64-64-10.map,4,Dijkstra,2,2865,51,51,47.49,true,false
random10,random-64-64-10.map,4,A*,2,164,51,51,47.49,true,false
random10,random-64-64-10.map,4,WA*(1.5),2,59,51,51,47.49,true,false
random10,random-64-64-10.map,4,GBFS,2,55,51,51,47.49,true,false
random10,random-64-64-10.map,4,IDA*,2,2722,51,51,47.49,true,false
random10,random-64-64-10.map,4,Dijkstra,3,2041,42,42,34.97,true,false
random10,random-64-64-10.map,4,A*,3,257,42,42,34.97,true,false
random10,random-64-64-10.map,4,WA*(1.5),3,59,46,42,34.97,true,false
random10,random-64-64-10.map,4,GBFS,3,51,46,42,34.97,true,false
random10,random-64-64-10.map,4,IDA*,3,10980,42,42,34.97,true,false
random10,random-64-64-10.map,4,Dijkstra,4,1391,49,49,36.70,true,false
random10,random-64-64-10.map,4,A*,4,526,49,49,36.70,true,false
random10,random-64-64-10.map,4,WA*(1.5),4,51,49,49,36.70,true,false
random10,random-64-64-10.map,4,GBFS,4,51,49,49,36.70,true,false
random10,random-64-64-10.map,4,IDA*,4,51,49,49,36.70,true,false
random10,random-64-64-10.map,4,Dijkstra,5,1143,26,26,18.97,true,false
random10,random-64-64-10.map,4,A*,5,73,26,26,18.97,true,false
random10,random-64-64-10.map,4,WA*(1.5),5,27,26,26,18.97,true,false
random10,random-64-64-10.map,4,GBFS,5,27,26,26,18.97,true,false
random10,random-64-64-10.map,4,IDA*,5,27,26,26,18.97,true,false
random10,random-64-64-10.map,4,Dijkstra,6,1125,38,38,34.49,true,false
random10,random-64-64-10.map,4,A*,6,128,38,38,34.49,true,false
random10,random-64-64-10.map,4,WA*(1.5),6,39,38,38,34.49,true,false
random10,random-64-64-10.map,4,GBFS,6,39,38,38,34.49,true,false
random10,random-64-64-10.map,4,IDA*,6,4155,38,38,34.49,true,false
random10,random-64-64-10.map,4,Dijkstra,7,3681,98,98,73.98,true,false
random10,random-64-64-10.map,4,A*,7,1515,98,98,73.98,true,false
random10,random-64-64-10.map,4,WA*(1.5),7,114,102,98,73.98,true,false
random10,random-64-64-10.map,4,GBFS,7,110,106,98,73.98,true,false
random10,random-64-64-10.map,4,IDA*,7,4391,98,98,73.98,true,false
random10,random-64-64-10.map,4,Dijkstra,8,2029,35,35,26.21,true,false
random10,random-64-64-10.map,4,A*,8,152,35,35,26.21,true,false
random10,random-64-64-10.map,4,WA*(1.5),8,49,37,35,26.21,true,false
random10,random-64-64-10.map,4,GBFS,8,41,39,35,26.21,true,false
random10,random-64-64-10.map,4,IDA*,8,941,35,35,26.21,true,false
random10,random-64-64-10.map,4,Dijkstra,9,1997,35,35,30.90,true,false
random10,random-64-64-10.map,4,A*,9,153,35,35,30.90,true,false
random10,random-64-64-10.map,4,WA*(1.5),9,36,35,35,30.90,true,false
random10,random-64-64-10.map,4,GBFS,9,36,35,35,30.90,true,false
random10,random-64-64-10.map,4,IDA*,9,36,35,35,30.90,true,false
random10,random-64-64-10.map,4,Dijkstra,10,690,26,26,21.31,true,false
random10,random-64-64-10.map,4,A*,10,66,26,26,21.31,true,false
random10,random-64-64-10.map,4,WA*(1.5),10,27,26,26,21.31,true,false
random10,random-64-64-10.map,4,GBFS,10,27,26,26,21.31,true,false
random10,random-64-64-10.map,4,IDA*,10,27,26,26,21.31,true,false
random10,random-64-64-10.map,4,Dijkstra,11,164,11,11,9.83,true,false
random10,random-64-64-10.map,4,A*,11,44,11,11,9.83,true,false
random10,random-64-64-10.map,4,WA*(1.5),11,21,11,11,9.83,true,false
random10,random-64-64-10.map,4,GBFS,11,12,11,11,9.83,true,false
random10,random-64-64-10.map,4,IDA*,11,161,11,11,9.83,true,false
random10,random-64-64-10.map,4,Dijkstra,12,596,20,20,17.07,true,false
random10,random-64-64-10.map,4,A*,12,50,20,20,17.07,true,false
random10,random-64-64-10.map,4,WA*(1.5),12,28,20,20,17.07,true,false
random10,random-64-64-10.map,4,GBFS,12,25,22,20,17.07,true,false
random10,random-64-64-10.map,4,IDA*,12,39,20,20,17.07,true,false
random10,random-64-64-10.map,4,Dijkstra,13,2534,49,49,40.80,true,false
random10,random-64-64-10.map,4,A*,13,254,49,49,40.80,true,false
random10,random-64-64-10.map,4,WA*(1.5),13,53,49,49,40.80,true,false
random10,random-64-64-10.map,4,GBFS,13,53,49,49,40.80,true,false
random10,random-64-64-10.map,4,IDA*,13,54,49,49,40.80,true,false
random10,random-64-64-10.map,4,Dijkstra,14,1400,34,34,28.14,true,false
random10,random-64-64-10.map,4,A*,14,101,34,34,28.14,true,false
random10,random-64-64-10.map,4,WA*(1.5),14,37,36,34,28.14,true,false
random10,random-64-64-10.map,4,GBFS,14,37,36,34,28.14,true,false
random10,random-64-64-10.map,4,IDA*,14,2712,34,34,28.14,true,false
random10,random-64-64-10.map,4,Dijkstra,15,2567,61,61,58.66,true,false
random10,random-64-64-10.map,4,A*,15,123,61,61,58.66,true,false
random10,random-64-64-10.map,4,WA*(1.5),15,79,67,61,58.66,true,false
random10,random-64-64-10.map,4,GBFS,15,73,71,61,58.66,true,false
random10,random-64-64-10.map,4,IDA*,15,67713,61,61,58.66,true,false
random10,random-64-64-10.map,4,Dijkstra,16,205,11,11,9.83,true,false
random10,random-64-64-10.map,4,A*,16,28,11,11,9.83,true,false
random10,random-64-64-10.map,4,WA*(1.5),16,19,11,11,9.83,true,false
random10,random-64-64-10.map,4,GBFS,16,15,11,11,9.83,true,false
random10,random-64-64-10.map,4,IDA*,16,52,11,11,9.83,true,false
random10,random-64-64-10.map,4,Dijkstra,17,2045,49,49,45.49,true,false
random10,random-64-64-10.map,4,A*,17,207,49,49,45.49,true,false
random10,random-64-64-10.map,4,WA*(1.5),17,58,51,49,45.49,true,false
random10,random-64-64-10.map,4,GBFS,17,58,51,49,45.49,true,false
random10,random-64-64-10.map,4,IDA*,17,211612,49,49,45.49,true,false
random10,random-64-64-10.map,4,Dijkstra,18,3586,73,73,54.84,true,false
random10,random-64-64-10.map,4,A*,18,734,73,73,54.84,true,false
random10,random-64-64-10.map,4,WA*(1.5),18,90,79,73,54.84,true,false
random10,random-64-64-10.map,4,GBFS,18,87,79,73,54.84,true,false
random10,random-64-64-10.map,4,IDA*,18,39142,73,73,54.84,true,false
random10,random-64-64-10.map,4,Dijkstra,19,1488,30,30,26.49,true,false
random10,random-64-64-10.map,4,A*,19,129,30,30,26.49,true,false
random10,random-64-64-10.map,4,WA*(1.5),19,33,32,30,26.49,true,false
random10,random-64-64-10.map,4,GBFS,19,33,32,30,26.49,true,false
random10,random-64-64-10.map,4,IDA*,19,109,30,30,26.49,true,false
random10,random-64-64-10.map,4,Dijkstra,20,2130,47,47,39.97,true,false
random10,random-64-64-10.map,4,A*,20,243,47,47,39.97,true,false
random10,random-64-64-10.map,4,WA*(1.5),20,56,51,47,39.97,true,false
random10,random-64-64-10.map,4,GBFS,20,54,51,47,39.97,true,false
random10,random-64-64-10.map,4,IDA*,20,47957,47,47,39.97,true,false
random10,random-64-64-10.map,4,Dijkstra,21,2692,46,46,42.49,true,false
random10,random-64-64-10.map,4,A*,21,218,46,46,42.49,true,false
random10,random-64-64-10.map,4,WA*(1.5),21,66,48,46,42.49,true,false
random10,random-64-64-10.map,4,GBFS,21,51,48,46,42.49,true,false
random10,random-64-64-10.map,4,IDA*,21,245731,46,46,42.49,true,false
random10,random-64-64-10.map,4,Dijkstra,22,115,8,8,6.24,true,false
random10,random-64-64-10.map,4,A*,22,17,8,8,6.24,true,false
random10,random-64-64-10.map,4,WA*(1.5),22,9,8,8,6.24,true,false
random10,random-64-64-10.map,4,GBFS,22,9,8,8,6.24,true,false
random10,random-64-64-10.map,4,IDA*,22,9,8,8,6.24,true,false
random10,random-64-64-10.map,4,Dijkstra,23,2500,39,39,30.80,true,false
random10,random-64-64-10.map,4,A*,23,163,39,39,30.80,true,false
random10,random-64-64-10.map,4,WA*(1.5),23,41,39,39,30.80,true,false
random10,random-64-64-10.map,4,GBFS,23,41,39,39,30.80,true,false
random10,random-64-64-10.map,4,IDA*,23,41,39,39,30.80,true,false
random10,random-64-64-10.map,4,Dijkstra,24,1016,26,26,23.07,true,false
random10,random-64-64-10.map,4,A*,24,87,26,26,23.07,true,false
random10,random-64-64-10.map,4,WA*(1.5),24,27,26,26,23.07,true,false
random10,random-64-64-10.map,4,GBFS,24,27,26,26,23.07,true,false
random10,random-64-64-10.map,4,IDA*,24,27,26,26,23.07,true,false
random10,random512-10-0.map,32,Dijkstra,0,19,3,3,2.41,true,false
random10,random512-10-0.map,32,A*,0,6,3,3,2.41,true,false
random10,random512-10-0.map,32,WA*(1.5),0,4,3,3,2.41,true,false
random10,random512-10-0.map,32,GBFS,0,4,3,3,2.41,true,false
random10,random512-10-0.map,32,IDA*,0,4,3,3,2.41,true,false
random10,random512-10-0.map,32,Dijkstra,1,2114,34,34,28.73,true,false
random10,random512-10-0.map,32,A*,1,176,34,34,28.73,true,false
random10,random512-10-0.map,32,WA*(1.5),1,41,34,34,28.73,true,false
random10,random512-10-0.map,32,GBFS,1,40,36,34,28.73,true,false
random10,random512-10-0.map,32,IDA*,1,42,34,34,28.73,true,false
random10,random512-10-0.map,32,Dijkstra,2,10730,78,78,59.84,true,false
random10,random512-10-0.map,32,A*,2,646,78,78,59.84,true,false
random10,random512-10-0.map,32,WA*(1.5),2,92,82,78,59.84,true,false
random10,random512-10-0.map,32,GBFS,2,85,82,78,59.84,true,false
random10,random512-10-0.map,32,IDA*,2,2094,78,78,59.84,true,false
random10,random512-10-0.map,32,Dijkstra,3,13528,91,91,86.31,true,false
random10,random512-10-0.map,32,A*,3,346,91,91,86.31,true,false
random10,random512-10-0.map,32,WA*(1.5),3,92,91,91,86.31,true,false
random10,random512-10-0.map,32,GBFS,3,92,91,91,86.31,true,false
random10,random512-10-0.map,32,IDA*,3,3000000,0,91,86.31,false,true
random10,random512-10-0.map,32,Dijkstra,4,25202,119,119,113.14,true,false
random10,random512-10-0.map,32,A*,4,558,119,119,113.14,true,false
random10,random512-10-0.map,32,WA*(1.5),4,127,121,119,113.14,true,false
random10,random512-10-0.map,32,GBFS,4,123,121,119,113.14,true,false
random10,random512-10-0.map,32,IDA*,4,3000000,0,119,113.14,false,true
random10,random512-10-0.map,32,Dijkstra,5,41694,153,153,143.63,true,false
random10,random512-10-0.map,32,A*,5,1551,153,153,143.63,true,false
random10,random512-10-0.map,32,WA*(1.5),5,156,153,153,143.63,true,false
random10,random512-10-0.map,32,GBFS,5,156,153,153,143.63,true,false
random10,random512-10-0.map,32,IDA*,5,156,153,153,143.63,true,false
random10,random512-10-0.map,32,Dijkstra,6,75667,225,225,171.11,true,false
random10,random512-10-0.map,32,A*,6,2903,225,225,171.11,true,false
random10,random512-10-0.map,32,WA*(1.5),6,278,241,225,171.11,true,false
random10,random512-10-0.map,32,GBFS,6,254,247,225,171.11,true,false
random10,random512-10-0.map,32,IDA*,6,3000000,0,225,171.11,false,true
random10,random512-10-0.map,32,Dijkstra,7,56808,216,216,199.60,true,false
random10,random512-10-0.map,32,A*,7,2725,216,216,199.60,true,false
random10,random512-10-0.map,32,WA*(1.5),7,261,236,216,199.60,true,false
random10,random512-10-0.map,32,GBFS,7,252,238,216,199.60,true,false
random10,random512-10-0.map,32,IDA*,7,3000000,0,216,199.60,false,true
random10,random512-10-0.map,32,Dijkstra,8,93414,296,296,225.71,true,false
random10,random512-10-0.map,32,A*,8,6349,296,296,225.71,true,false
random10,random512-10-0.map,32,WA*(1.5),8,356,316,296,225.71,true,false
random10,random512-10-0.map,32,GBFS,8,345,326,296,225.71,true,false
random10,random512-10-0.map,32,IDA*,8,3000000,0,296,225.71,false,true
random10,random512-10-0.map,32,Dijkstra,9,110924,338,338,257.16,true,false
random10,random512-10-0.map,32,A*,9,3468,338,338,257.16,true,false
random10,random512-10-0.map,32,WA*(1.5),9,374,358,338,257.16,true,false
random10,random512-10-0.map,32,GBFS,9,371,362,338,257.16,true,false
random10,random512-10-0.map,32,IDA*,9,3000000,0,338,257.16,false,true
random10,random512-10-0.map,32,Dijkstra,10,156297,361,361,284.85,true,false
random10,random512-10-0.map,32,A*,10,5260,361,361,284.85,true,false
random10,random512-10-0.map,32,WA*(1.5),10,441,383,361,284.85,true,false
random10,random512-10-0.map,32,GBFS,10,421,401,361,284.85,true,false
random10,random512-10-0.map,32,IDA*,10,3000000,0,361,284.85,false,true
random10,random512-10-0.map,32,Dijkstra,11,139770,362,362,314.55,true,false
random10,random512-10-0.map,32,A*,11,9324,362,362,314.55,true,false
random10,random512-10-0.map,32,WA*(1.5),11,443,394,362,314.55,true,false
random10,random512-10-0.map,32,GBFS,11,420,402,362,314.55,true,false
random10,random512-10-0.map,32,IDA*,11,3000000,0,362,314.55,false,true
random10,random512-10-0.map,32,Dijkstra,12,133888,387,387,343.07,true,false
random10,random512-10-0.map,32,A*,12,13924,387,387,343.07,true,false
random10,random512-10-0.map,32,WA*(1.5),12,397,389,387,343.07,true,false
random10,random512-10-0.map,32,GBFS,12,397,389,387,343.07,true,false
random10,random512-10-0.map,32,IDA*,12,4933,387,387,343.07,true,false
random10,random512-10-0.map,32,Dijkstra,13,145853,427,427,369.59,true,false
random10,random512-10-0.map,32,A*,13,14934,427,427,369.59,true,false
random10,random512-10-0.map,32,WA*(1.5),13,451,439,427,369.59,true,false
random10,random512-10-0.map,32,GBFS,13,450,441,427,369.59,true,false
random10,random512-10-0.map,32,IDA*,13,565745,427,427,369.59,true,false
random10,random512-10-0.map,32,Dijkstra,14,182992,504,504,399.73,true,false
random10,random512-10-0.map,32,A*,14,43548,504,504,399.73,true,false
random10,random512-10-0.map,32,WA*(1.5),14,555,518,504,399.73,true,false
random10,random512-10-0.map,32,GBFS,14,537,528,504,399.73,true,false
random10,random512-10-0.map,32,IDA*,14,3000000,0,504,399.73,false,true
random10,random512-10-0.map,32,Dijkstra,15,210115,565,565,427.34,true,false
random10,random512-10-0.map,32,A*,15,28861,565,565,427.34,true,false
random10,random512-10-0.map,32,WA*(1.5),15,647,599,565,427.34,true,false
random10,random512-10-0.map,32,GBFS,15,620,605,565,427.34,true,false
random10,random512-10-0.map,32,IDA*,15,3000000,0,565,427.34,false,true
random10,random512-10-0.map,32,Dijkstra,16,157003,513,513,454.42,true,false
random10,random512-10-0.map,32,A*,16,18354,513,513,454.42,true,false
random10,random512-10-0.map,32,WA*(1.5),16,644,561,513,454.42,true,false
random10,random512-10-0.map,32,GBFS,16,600,575,513,454.42,true,false
random10,random512-10-0.map,32,IDA*,16,3000000,0,513,454.42,false,true
random10,random512-10-0.map,32,Dijkstra,17,218657,641,641,486.35,true,false
random10,random512-10-0.map,32,A*,17,23225,641,641,486.35,true,false
random10,random512-10-0.map,32,WA*(1.5),17,765,693,641,486.35,true,false
random10,random512-10-0.map,32,GBFS,17,727,705,641,486.35,true,false
random10,random512-10-0.map,32,IDA*,17,3000000,0,641,486.35,false,true
random10,random512-10-0.map,32,Dijkstra,18,225208,678,678,515.15,true,false
random10,random512-10-0.map,32,A*,18,43023,678,678,515.15,true,false
random10,random512-10-0.map,32,WA*(1.5),18,858,722,678,515.15,true,false
random10,random512-10-0.map,32,GBFS,18,775,736,678,515.15,true,false
random10,random512-10-0.map,32,IDA*,18,3000000,0,678,515.15,false,true
random10,random512-10-0.map,32,Dijkstra,19,216593,619,619,540.50,true,false
random10,random512-10-0.map,32,A*,19,20985,619,619,540.50,true,false
random10,random512-10-0.map,32,WA*(1.5),19,736,677,619,540.50,true,false
random10,random512-10-0.map,32,GBFS,19,708,691,619,540.50,true,false
random10,random512-10-0.map,32,IDA*,19,3000000,0,619,540.50,false,true
random10,random512-10-0.map,32,Dijkstra,20,214473,714,714,569.90,true,false
random10,random512-10-0.map,32,A*,20,45557,714,714,569.90,true,false
random10,random512-10-0.map,32,WA*(1.5),20,770,732,714,569.90,true,false
random10,random512-10-0.map,32,GBFS,20,751,740,714,569.90,true,false
random10,random512-10-0.map,32,IDA*,20,3000000,0,714,569.90,false,true
random10,random512-10-0.map,32,Dijkstra,21,233975,781,781,599.41,true,false
random10,random512-10-0.map,32,A*,21,28312,781,781,599.41,true,false
random10,random512-10-0.map,32,WA*(1.5),21,897,823,781,599.41,true,false
random10,random512-10-0.map,32,GBFS,21,859,833,781,599.41,true,false
random10,random512-10-0.map,32,IDA*,21,3000000,0,781,599.41,false,true
random10,random512-10-0.map,32,Dijkstra,22,229507,807,807,625.41,true,false
random10,random512-10-0.map,32,A*,22,54849,807,807,625.41,true,false
random10,random512-10-0.map,32,WA*(1.5),22,983,867,807,625.41,true,false
random10,random512-10-0.map,32,GBFS,22,904,879,807,625.41,true,false
random10,random512-10-0.map,32,IDA*,22,3000000,0,807,625.41,false,true
random10,random512-10-0.map,32,Dijkstra,23,234673,870,870,652.67,true,false
random10,random512-10-0.map,32,A*,23,73551,870,870,652.67,true,false
random10,random512-10-0.map,32,WA*(1.5),23,1005,910,870,652.67,true,false
random10,random512-10-0.map,32,GBFS,23,974,936,870,652.67,true,false
random10,random512-10-0.map,32,IDA*,23,3000000,0,870,652.67,false,true
random10,random512-10-0.map,32,Dijkstra,24,235829,903,903,680.40,true,false
random10,random512-10-0.map,32,A*,24,39109,903,903,680.40,true,false
random10,random512-10-0.map,32,WA*(1.5),24,1067,961,903,680.40,true,false
random10,random512-10-0.map,32,GBFS,24,1019,989,903,680.40,true,false
random10,random512-10-0.map,32,IDA*,24,3000000,0,903,680.40,false,true
panel-maze512-c1,maze512-1-0.map,0,Dijkstra,0,4,2,2,2.00,true,false
panel-maze512-c1,maze512-1-0.map,0,A*,0,3,2,2,2.00,true,false
panel-maze512-c1,maze512-1-0.map,0,WA*(1.5),0,3,2,2,2.00,true,false
panel-maze512-c1,maze512-1-0.map,0,GBFS,0,3,2,2,2.00,true,false
panel-maze512-c1,maze512-1-0.map,0,IDA*,0,3,2,2,2.00,true,false
panel-maze512-c1,maze512-1-0.map,0,Dijkstra,1,546,194,194,194.00,true,false
panel-maze512-c1,maze512-1-0.map,0,A*,1,485,194,194,194.00,true,false
panel-maze512-c1,maze512-1-0.map,0,WA*(1.5),1,456,194,194,194.00,true,false
panel-maze512-c1,maze512-1-0.map,0,GBFS,1,340,194,194,194.00,true,false
panel-maze512-c1,maze512-1-0.map,0,IDA*,1,17252,194,194,194.00,true,false
panel-maze512-c1,maze512-1-0.map,0,Dijkstra,2,1448,384,384,384.00,true,false
panel-maze512-c1,maze512-1-0.map,0,A*,2,1424,384,384,384.00,true,false
panel-maze512-c1,maze512-1-0.map,0,WA*(1.5),2,1360,384,384,384.00,true,false
panel-maze512-c1,maze512-1-0.map,0,GBFS,2,846,384,384,384.00,true,false
panel-maze512-c1,maze512-1-0.map,0,IDA*,2,116227,384,384,384.00,true,false
panel-maze512-c1,maze512-1-0.map,0,Dijkstra,3,2458,581,581,581.00,true,false
panel-maze512-c1,maze512-1-0.map,0,A*,3,1884,581,581,581.00,true,false
panel-maze512-c1,maze512-1-0.map,0,WA*(1.5),3,1760,581,581,581.00,true,false
panel-maze512-c1,maze512-1-0.map,0,GBFS,3,1071,581,581,581.00,true,false
panel-maze512-c1,maze512-1-0.map,0,IDA*,3,146774,581,581,581.00,true,false
panel-maze512-c1,maze512-1-0.map,0,Dijkstra,4,8255,775,775,775.00,true,false
panel-maze512-c1,maze512-1-0.map,0,A*,4,6475,775,775,775.00,true,false
panel-maze512-c1,maze512-1-0.map,0,WA*(1.5),4,5763,775,775,775.00,true,false
panel-maze512-c1,maze512-1-0.map,0,GBFS,4,3631,775,775,775.00,true,false
panel-maze512-c1,maze512-1-0.map,0,IDA*,4,904193,775,775,775.00,true,false
panel-maze512-c1,maze512-1-0.map,0,Dijkstra,5,14072,968,968,968.00,true,false
panel-maze512-c1,maze512-1-0.map,0,A*,5,10314,968,968,968.00,true,false
panel-maze512-c1,maze512-1-0.map,0,WA*(1.5),5,8296,968,968,968.00,true,false
panel-maze512-c1,maze512-1-0.map,0,GBFS,5,7636,968,968,968.00,true,false
panel-maze512-c1,maze512-1-0.map,0,IDA*,5,1046934,968,968,968.00,true,false
panel-maze512-c1,maze512-1-0.map,0,Dijkstra,6,20979,1163,1163,1163.00,true,false
panel-maze512-c1,maze512-1-0.map,0,A*,6,16085,1163,1163,1163.00,true,false
panel-maze512-c1,maze512-1-0.map,0,WA*(1.5),6,13602,1163,1163,1163.00,true,false
panel-maze512-c1,maze512-1-0.map,0,GBFS,6,2690,1163,1163,1163.00,true,false
panel-maze512-c1,maze512-1-0.map,0,IDA*,6,2667543,1163,1163,1163.00,true,false
panel-maze512-c1,maze512-1-0.map,0,Dijkstra,7,60438,1357,1357,1357.00,true,false
panel-maze512-c1,maze512-1-0.map,0,A*,7,39332,1357,1357,1357.00,true,false
panel-maze512-c1,maze512-1-0.map,0,WA*(1.5),7,31693,1357,1357,1357.00,true,false
panel-maze512-c1,maze512-1-0.map,0,GBFS,7,19825,1357,1357,1357.00,true,false
panel-maze512-c1,maze512-1-0.map,0,IDA*,7,3000000,0,1357,1357.00,false,true
panel-maze512-c1,maze512-1-0.map,0,Dijkstra,8,42514,1549,1549,1549.00,true,false
panel-maze512-c1,maze512-1-0.map,0,A*,8,27201,1549,1549,1549.00,true,false
panel-maze512-c1,maze512-1-0.map,0,WA*(1.5),8,22018,1549,1549,1549.00,true,false
panel-maze512-c1,maze512-1-0.map,0,GBFS,8,9272,1549,1549,1549.00,true,false
panel-maze512-c1,maze512-1-0.map,0,IDA*,8,3000000,0,1549,1549.00,false,true
panel-maze512-c1,maze512-1-0.map,0,Dijkstra,9,45816,1747,1747,1747.00,true,false
panel-maze512-c1,maze512-1-0.map,0,A*,9,30940,1747,1747,1747.00,true,false
panel-maze512-c1,maze512-1-0.map,0,WA*(1.5),9,26575,1747,1747,1747.00,true,false
panel-maze512-c1,maze512-1-0.map,0,GBFS,9,7913,1747,1747,1747.00,true,false
panel-maze512-c1,maze512-1-0.map,0,IDA*,9,3000000,0,1747,1747.00,false,true
panel-maze512-c1,maze512-1-0.map,0,Dijkstra,10,45217,1939,1939,1939.00,true,false
panel-maze512-c1,maze512-1-0.map,0,A*,10,28580,1939,1939,1939.00,true,false
panel-maze512-c1,maze512-1-0.map,0,WA*(1.5),10,22745,1939,1939,1939.00,true,false
panel-maze512-c1,maze512-1-0.map,0,GBFS,10,19194,1939,1939,1939.00,true,false
panel-maze512-c1,maze512-1-0.map,0,IDA*,10,3000000,0,1939,1939.00,false,true
panel-maze512-c1,maze512-1-0.map,0,Dijkstra,11,77410,2132,2132,2132.00,true,false
panel-maze512-c1,maze512-1-0.map,0,A*,11,59246,2132,2132,2132.00,true,false
panel-maze512-c1,maze512-1-0.map,0,WA*(1.5),11,47225,2132,2132,2132.00,true,false
panel-maze512-c1,maze512-1-0.map,0,GBFS,11,13002,2132,2132,2132.00,true,false
panel-maze512-c1,maze512-1-0.map,0,IDA*,11,3000000,0,2132,2132.00,false,true
panel-maze512-c1,maze512-1-0.map,0,Dijkstra,12,95800,2327,2327,2327.00,true,false
panel-maze512-c1,maze512-1-0.map,0,A*,12,80374,2327,2327,2327.00,true,false
panel-maze512-c1,maze512-1-0.map,0,WA*(1.5),12,69146,2327,2327,2327.00,true,false
panel-maze512-c1,maze512-1-0.map,0,GBFS,12,20733,2327,2327,2327.00,true,false
panel-maze512-c1,maze512-1-0.map,0,IDA*,12,3000000,0,2327,2327.00,false,true
panel-maze512-c1,maze512-1-0.map,0,Dijkstra,13,95545,2523,2523,2523.00,true,false
panel-maze512-c1,maze512-1-0.map,0,A*,13,77562,2523,2523,2523.00,true,false
panel-maze512-c1,maze512-1-0.map,0,WA*(1.5),13,70042,2523,2523,2523.00,true,false
panel-maze512-c1,maze512-1-0.map,0,GBFS,13,35330,2523,2523,2523.00,true,false
panel-maze512-c1,maze512-1-0.map,0,IDA*,13,3000000,0,2523,2523.00,false,true
panel-maze512-c1,maze512-1-0.map,0,Dijkstra,14,85356,2712,2712,2712.00,true,false
panel-maze512-c1,maze512-1-0.map,0,A*,14,65789,2712,2712,2712.00,true,false
panel-maze512-c1,maze512-1-0.map,0,WA*(1.5),14,56990,2712,2712,2712.00,true,false
panel-maze512-c1,maze512-1-0.map,0,GBFS,14,24175,2712,2712,2712.00,true,false
panel-maze512-c1,maze512-1-0.map,0,IDA*,14,3000000,0,2712,2712.00,false,true
panel-maze512-c1,maze512-1-0.map,0,Dijkstra,15,81898,2908,2908,2908.00,true,false
panel-maze512-c1,maze512-1-0.map,0,A*,15,50101,2908,2908,2908.00,true,false
panel-maze512-c1,maze512-1-0.map,0,WA*(1.5),15,40807,2908,2908,2908.00,true,false
panel-maze512-c1,maze512-1-0.map,0,GBFS,15,18528,2908,2908,2908.00,true,false
panel-maze512-c1,maze512-1-0.map,0,IDA*,15,3000000,0,2908,2908.00,false,true
panel-maze512-c1,maze512-1-0.map,0,Dijkstra,16,113403,3101,3101,3101.00,true,false
panel-maze512-c1,maze512-1-0.map,0,A*,16,100685,3101,3101,3101.00,true,false
panel-maze512-c1,maze512-1-0.map,0,WA*(1.5),16,90792,3101,3101,3101.00,true,false
panel-maze512-c1,maze512-1-0.map,0,GBFS,16,45389,3101,3101,3101.00,true,false
panel-maze512-c1,maze512-1-0.map,0,IDA*,16,3000000,0,3101,3101.00,false,true
panel-maze512-c1,maze512-1-0.map,0,Dijkstra,17,118523,3296,3296,3296.00,true,false
panel-maze512-c1,maze512-1-0.map,0,A*,17,113671,3296,3296,3296.00,true,false
panel-maze512-c1,maze512-1-0.map,0,WA*(1.5),17,110291,3296,3296,3296.00,true,false
panel-maze512-c1,maze512-1-0.map,0,GBFS,17,30888,3296,3296,3296.00,true,false
panel-maze512-c1,maze512-1-0.map,0,IDA*,17,3000000,0,3296,3296.00,false,true
panel-maze512-c1,maze512-1-0.map,0,Dijkstra,18,74783,3488,3488,3488.00,true,false
panel-maze512-c1,maze512-1-0.map,0,A*,18,48766,3488,3488,3488.00,true,false
panel-maze512-c1,maze512-1-0.map,0,WA*(1.5),18,41198,3488,3488,3488.00,true,false
panel-maze512-c1,maze512-1-0.map,0,GBFS,18,15596,3488,3488,3488.00,true,false
panel-maze512-c1,maze512-1-0.map,0,IDA*,18,3000000,0,3488,3488.00,false,true
panel-maze512-c1,maze512-1-0.map,0,Dijkstra,19,123306,3685,3685,3685.00,true,false
panel-maze512-c1,maze512-1-0.map,0,A*,19,104717,3685,3685,3685.00,true,false
panel-maze512-c1,maze512-1-0.map,0,WA*(1.5),19,90607,3685,3685,3685.00,true,false
panel-maze512-c1,maze512-1-0.map,0,GBFS,19,34340,3685,3685,3685.00,true,false
panel-maze512-c1,maze512-1-0.map,0,IDA*,19,3000000,0,3685,3685.00,false,true
panel-maze512-c1,maze512-1-0.map,0,Dijkstra,20,125830,3879,3879,3879.00,true,false
panel-maze512-c1,maze512-1-0.map,0,A*,20,122072,3879,3879,3879.00,true,false
panel-maze512-c1,maze512-1-0.map,0,WA*(1.5),20,119407,3879,3879,3879.00,true,false
panel-maze512-c1,maze512-1-0.map,0,GBFS,20,33612,3879,3879,3879.00,true,false
panel-maze512-c1,maze512-1-0.map,0,IDA*,20,3000000,0,3879,3879.00,false,true
panel-maze512-c1,maze512-1-0.map,0,Dijkstra,21,127788,4073,4073,4073.00,true,false
panel-maze512-c1,maze512-1-0.map,0,A*,21,122619,4073,4073,4073.00,true,false
panel-maze512-c1,maze512-1-0.map,0,WA*(1.5),21,119342,4073,4073,4073.00,true,false
panel-maze512-c1,maze512-1-0.map,0,GBFS,21,42419,4073,4073,4073.00,true,false
panel-maze512-c1,maze512-1-0.map,0,IDA*,21,3000000,0,4073,4073.00,false,true
panel-maze512-c1,maze512-1-0.map,0,Dijkstra,22,127171,4266,4266,4266.00,true,false
panel-maze512-c1,maze512-1-0.map,0,A*,22,114374,4266,4266,4266.00,true,false
panel-maze512-c1,maze512-1-0.map,0,WA*(1.5),22,106887,4266,4266,4266.00,true,false
panel-maze512-c1,maze512-1-0.map,0,GBFS,22,25063,4266,4266,4266.00,true,false
panel-maze512-c1,maze512-1-0.map,0,IDA*,22,3000000,0,4266,4266.00,false,true
panel-maze512-c1,maze512-1-0.map,0,Dijkstra,23,131010,4463,4463,4463.00,true,false
panel-maze512-c1,maze512-1-0.map,0,A*,23,130216,4463,4463,4463.00,true,false
panel-maze512-c1,maze512-1-0.map,0,WA*(1.5),23,129652,4463,4463,4463.00,true,false
panel-maze512-c1,maze512-1-0.map,0,GBFS,23,55898,4463,4463,4463.00,true,false
panel-maze512-c1,maze512-1-0.map,0,IDA*,23,3000000,0,4463,4463.00,false,true
panel-maze512-c1,maze512-1-0.map,0,Dijkstra,24,119552,4654,4654,4654.00,true,false
panel-maze512-c1,maze512-1-0.map,0,A*,24,96300,4654,4654,4654.00,true,false
panel-maze512-c1,maze512-1-0.map,0,WA*(1.5),24,83090,4654,4654,4654.00,true,false
panel-maze512-c1,maze512-1-0.map,0,GBFS,24,29970,4654,4654,4654.00,true,false
panel-maze512-c1,maze512-1-0.map,0,IDA*,24,3000000,0,4654,4654.00,false,true
panel-maze512-c32,maze512-32-0.map,0,Dijkstra,0,25,4,4,2.83,true,false
panel-maze512-c32,maze512-32-0.map,0,A*,0,9,4,4,2.83,true,false
panel-maze512-c32,maze512-32-0.map,0,WA*(1.5),0,5,4,4,2.83,true,false
panel-maze512-c32,maze512-32-0.map,0,GBFS,0,5,4,4,2.83,true,false
panel-maze512-c32,maze512-32-0.map,0,IDA*,0,5,4,4,2.83,true,false
panel-maze512-c32,maze512-32-0.map,0,Dijkstra,1,5729,102,102,99.07,true,false
panel-maze512-c32,maze512-32-0.map,0,A*,1,509,102,102,99.07,true,false
panel-maze512-c32,maze512-32-0.map,0,WA*(1.5),1,103,102,102,99.07,true,false
panel-maze512-c32,maze512-32-0.map,0,GBFS,1,103,102,102,99.07,true,false
panel-maze512-c32,maze512-32-0.map,0,IDA*,1,103,102,102,99.07,true,false
panel-maze512-c32,maze512-32-0.map,0,Dijkstra,2,15708,228,228,198.71,true,false
panel-maze512-c32,maze512-32-0.map,0,A*,2,9429,228,228,198.71,true,false
panel-maze512-c32,maze512-32-0.map,0,WA*(1.5),2,4778,236,228,198.71,true,false
panel-maze512-c32,maze512-32-0.map,0,GBFS,2,2266,294,228,198.71,true,false
panel-maze512-c32,maze512-32-0.map,0,IDA*,2,3000000,0,228,198.71,false,true
panel-maze512-c32,maze512-32-0.map,0,Dijkstra,3,30652,341,341,298.82,true,false
panel-maze512-c32,maze512-32-0.map,0,A*,3,10519,341,341,298.82,true,false
panel-maze512-c32,maze512-32-0.map,0,WA*(1.5),3,4621,341,341,298.82,true,false
panel-maze512-c32,maze512-32-0.map,0,GBFS,3,2730,341,341,298.82,true,false
panel-maze512-c32,maze512-32-0.map,0,IDA*,3,3000000,0,341,298.82,false,true
panel-maze512-c32,maze512-32-0.map,0,Dijkstra,4,62990,426,426,394.37,true,false
panel-maze512-c32,maze512-32-0.map,0,A*,4,25840,426,426,394.37,true,false
panel-maze512-c32,maze512-32-0.map,0,WA*(1.5),4,21046,466,426,394.37,true,false
panel-maze512-c32,maze512-32-0.map,0,GBFS,4,6906,554,426,394.37,true,false
panel-maze512-c32,maze512-32-0.map,0,IDA*,4,3000000,0,426,394.37,false,true
panel-maze512-c32,maze512-32-0.map,0,Dijkstra,5,82752,601,601,493.22,true,false
panel-maze512-c32,maze512-32-0.map,0,A*,5,40060,601,601,493.22,true,false
panel-maze512-c32,maze512-32-0.map,0,WA*(1.5),5,35126,621,601,493.22,true,false
panel-maze512-c32,maze512-32-0.map,0,GBFS,5,21172,701,601,493.22,true,false
panel-maze512-c32,maze512-32-0.map,0,IDA*,5,3000000,0,601,493.22,false,true
panel-maze512-c32,maze512-32-0.map,0,Dijkstra,6,105370,690,690,595.69,true,false
panel-maze512-c32,maze512-32-0.map,0,A*,6,73439,690,690,595.69,true,false
panel-maze512-c32,maze512-32-0.map,0,WA*(1.5),6,67835,690,690,595.69,true,false
panel-maze512-c32,maze512-32-0.map,0,GBFS,6,65234,690,690,595.69,true,false
panel-maze512-c32,maze512-32-0.map,0,IDA*,6,3000000,0,690,595.69,false,true
panel-maze512-c32,maze512-32-0.map,0,Dijkstra,7,81153,797,797,690.39,true,false
panel-maze512-c32,maze512-32-0.map,0,A*,7,65880,797,797,690.39,true,false
panel-maze512-c32,maze512-32-0.map,0,WA*(1.5),7,36961,821,797,690.39,true,false
panel-maze512-c32,maze512-32-0.map,0,GBFS,7,40157,925,797,690.39,true,false
panel-maze512-c32,maze512-32-0.map,0,IDA*,7,3000000,0,797,690.39,false,true
panel-maze512-c32,maze512-32-0.map,0,Dijkstra,8,151614,934,934,788.14,true,false
panel-maze512-c32,maze512-32-0.map,0,A*,8,89543,934,934,788.14,true,false
panel-maze512-c32,maze512-32-0.map,0,WA*(1.5),8,72211,946,934,788.14,true,false
panel-maze512-c32,maze512-32-0.map,0,GBFS,8,47798,1000,934,788.14,true,false
panel-maze512-c32,maze512-32-0.map,0,IDA*,8,3000000,0,934,788.14,false,true
panel-maze512-c32,maze512-32-0.map,0,Dijkstra,9,100023,1049,1049,889.08,true,false
panel-maze512-c32,maze512-32-0.map,0,A*,9,72852,1049,1049,889.08,true,false
panel-maze512-c32,maze512-32-0.map,0,WA*(1.5),9,67233,1085,1049,889.08,true,false
panel-maze512-c32,maze512-32-0.map,0,GBFS,9,82530,1229,1049,889.08,true,false
panel-maze512-c32,maze512-32-0.map,0,IDA*,9,3000000,0,1049,889.08,false,true
panel-maze512-c32,maze512-32-0.map,0,Dijkstra,10,125499,1120,1120,987.61,true,false
panel-maze512-c32,maze512-32-0.map,0,A*,10,84497,1120,1120,987.61,true,false
panel-maze512-c32,maze512-32-0.map,0,WA*(1.5),10,62065,1178,1120,987.61,true,false
panel-maze512-c32,maze512-32-0.map,0,GBFS,10,43939,1380,1120,987.61,true,false
panel-maze512-c32,maze512-32-0.map,0,IDA*,10,3000000,0,1120,987.61,false,true
panel-maze512-c32,maze512-32-0.map,0,Dijkstra,11,201869,1199,1199,1087.70,true,false
panel-maze512-c32,maze512-32-0.map,0,A*,11,137983,1199,1199,1087.70,true,false
panel-maze512-c32,maze512-32-0.map,0,WA*(1.5),11,106334,1271,1199,1087.70,true,false
panel-maze512-c32,maze512-32-0.map,0,GBFS,11,48754,1459,1199,1087.70,true,false
panel-maze512-c32,maze512-32-0.map,0,IDA*,11,3000000,0,1199,1087.70,false,true
panel-maze512-c32,maze512-32-0.map,0,Dijkstra,12,219128,1374,1374,1186.55,true,false
panel-maze512-c32,maze512-32-0.map,0,A*,12,185648,1374,1374,1186.55,true,false
panel-maze512-c32,maze512-32-0.map,0,WA*(1.5),12,182422,1412,1374,1186.55,true,false
panel-maze512-c32,maze512-32-0.map,0,GBFS,12,129986,1638,1374,1186.55,true,false
panel-maze512-c32,maze512-32-0.map,0,IDA*,12,3000000,0,1374,1186.55,false,true
panel-maze512-c32,maze512-32-0.map,0,Dijkstra,13,134366,1452,1452,1280.36,true,false
panel-maze512-c32,maze512-32-0.map,0,A*,13,93562,1452,1452,1280.36,true,false
panel-maze512-c32,maze512-32-0.map,0,WA*(1.5),13,78777,1510,1452,1280.36,true,false
panel-maze512-c32,maze512-32-0.map,0,GBFS,13,80406,1708,1452,1280.36,true,false
panel-maze512-c32,maze512-32-0.map,0,IDA*,13,3000000,0,1452,1280.36,false,true
panel-maze512-c32,maze512-32-0.map,0,Dijkstra,14,223016,1627,1627,1380.38,true,false
panel-maze512-c32,maze512-32-0.map,0,A*,14,198423,1627,1627,1380.38,true,false
panel-maze512-c32,maze512-32-0.map,0,WA*(1.5),14,195271,1637,1627,1380.38,true,false
panel-maze512-c32,maze512-32-0.map,0,GBFS,14,128558,1693,1627,1380.38,true,false
panel-maze512-c32,maze512-32-0.map,0,IDA*,14,3000000,0,1627,1380.38,false,true
panel-maze512-c32,maze512-32-0.map,0,Dijkstra,15,158118,1671,1671,1480.62,true,false
panel-maze512-c32,maze512-32-0.map,0,A*,15,138876,1671,1671,1480.62,true,false
panel-maze512-c32,maze512-32-0.map,0,WA*(1.5),15,124448,1723,1671,1480.62,true,false
panel-maze512-c32,maze512-32-0.map,0,GBFS,15,73180,1877,1671,1480.62,true,false
panel-maze512-c32,maze512-32-0.map,0,IDA*,15,3000000,0,1671,1480.62,false,true
panel-maze512-c32,maze512-32-0.map,0,Dijkstra,16,161627,1812,1812,1577.10,true,false
panel-maze512-c32,maze512-32-0.map,0,A*,16,142439,1812,1812,1577.10,true,false
panel-maze512-c32,maze512-32-0.map,0,WA*(1.5),16,136506,1900,1812,1577.10,true,false
panel-maze512-c32,maze512-32-0.map,0,GBFS,16,89102,2068,1812,1577.10,true,false
panel-maze512-c32,maze512-32-0.map,0,IDA*,16,3000000,0,1812,1577.10,false,true
panel-maze512-c32,maze512-32-0.map,0,Dijkstra,17,241008,1918,1918,1676.66,true,false
panel-maze512-c32,maze512-32-0.map,0,A*,17,228263,1918,1918,1676.66,true,false
panel-maze512-c32,maze512-32-0.map,0,WA*(1.5),17,220346,1988,1918,1676.66,true,false
panel-maze512-c32,maze512-32-0.map,0,GBFS,17,158941,2178,1918,1676.66,true,false
panel-maze512-c32,maze512-32-0.map,0,IDA*,17,3000000,0,1918,1676.66,false,true
panel-maze512-c32,maze512-32-0.map,0,Dijkstra,18,195808,2059,2059,1777.24,true,false
panel-maze512-c32,maze512-32-0.map,0,A*,18,175811,2059,2059,1777.24,true,false
panel-maze512-c32,maze512-32-0.map,0,WA*(1.5),18,168168,2135,2059,1777.24,true,false
panel-maze512-c32,maze512-32-0.map,0,GBFS,18,94529,2301,2059,1777.24,true,false
panel-maze512-c32,maze512-32-0.map,0,IDA*,18,3000000,0,2059,1777.24,false,true
panel-maze512-c32,maze512-32-0.map,0,Dijkstra,19,225198,2166,2166,1873.11,true,false
panel-maze512-c32,maze512-32-0.map,0,A*,19,190679,2166,2166,1873.11,true,false
panel-maze512-c32,maze512-32-0.map,0,WA*(1.5),19,181574,2226,2166,1873.11,true,false
panel-maze512-c32,maze512-32-0.map,0,GBFS,19,144854,2412,2166,1873.11,true,false
panel-maze512-c32,maze512-32-0.map,0,IDA*,19,3000000,0,2166,1873.11,false,true
panel-maze512-c32,maze512-32-0.map,0,Dijkstra,20,224162,2282,2282,1973.88,true,false
panel-maze512-c32,maze512-32-0.map,0,A*,20,196967,2282,2282,1973.88,true,false
panel-maze512-c32,maze512-32-0.map,0,WA*(1.5),20,192345,2330,2282,1973.88,true,false
panel-maze512-c32,maze512-32-0.map,0,GBFS,20,132456,2414,2282,1973.88,true,false
panel-maze512-c32,maze512-32-0.map,0,IDA*,20,3000000,0,2282,1973.88,false,true
panel-maze512-c32,maze512-32-0.map,0,Dijkstra,21,218484,2325,2325,2074.28,true,false
panel-maze512-c32,maze512-32-0.map,0,A*,21,181882,2325,2325,2074.28,true,false
panel-maze512-c32,maze512-32-0.map,0,WA*(1.5),21,177105,2389,2325,2074.28,true,false
panel-maze512-c32,maze512-32-0.map,0,GBFS,21,114274,2679,2325,2074.28,true,false
panel-maze512-c32,maze512-32-0.map,0,IDA*,21,3000000,0,2325,2074.28,false,true
panel-maze512-c32,maze512-32-0.map,0,Dijkstra,22,233042,2531,2531,2168.40,true,false
panel-maze512-c32,maze512-32-0.map,0,A*,22,216311,2531,2531,2168.40,true,false
panel-maze512-c32,maze512-32-0.map,0,WA*(1.5),22,208995,2599,2531,2168.40,true,false
panel-maze512-c32,maze512-32-0.map,0,GBFS,22,152604,2729,2531,2168.40,true,false
panel-maze512-c32,maze512-32-0.map,0,IDA*,22,3000000,0,2531,2168.40,false,true
panel-maze512-c32,maze512-32-0.map,0,Dijkstra,23,243371,2640,2640,2268.61,true,false
panel-maze512-c32,maze512-32-0.map,0,A*,23,218773,2640,2640,2268.61,true,false
panel-maze512-c32,maze512-32-0.map,0,WA*(1.5),23,215943,2702,2640,2268.61,true,false
panel-maze512-c32,maze512-32-0.map,0,GBFS,23,176710,2952,2640,2268.61,true,false
panel-maze512-c32,maze512-32-0.map,0,IDA*,23,3000000,0,2640,2268.61,false,true
panel-maze512-c32,maze512-32-0.map,0,Dijkstra,24,241662,2772,2772,2370.74,true,false
panel-maze512-c32,maze512-32-0.map,0,A*,24,226849,2772,2772,2370.74,true,false
panel-maze512-c32,maze512-32-0.map,0,WA*(1.5),24,221027,2850,2772,2370.74,true,false
panel-maze512-c32,maze512-32-0.map,0,GBFS,24,178131,3076,2772,2370.74,true,false
panel-maze512-c32,maze512-32-0.map,0,IDA*,24,3000000,0,2772,2370.74,false,true
panel-random512-40,random512-40-0.map,0,Dijkstra,0,2,1,1,1.00,true,false
panel-random512-40,random512-40-0.map,0,A*,0,2,1,1,1.00,true,false
panel-random512-40,random512-40-0.map,0,WA*(1.5),0,2,1,1,1.00,true,false
panel-random512-40,random512-40-0.map,0,GBFS,0,2,1,1,1.00,true,false
panel-random512-40,random512-40-0.map,0,IDA*,0,2,1,1,1.00,true,false
panel-random512-40,random512-40-0.map,0,Dijkstra,1,1106,54,54,49.90,true,false
panel-random512-40,random512-40-0.map,0,A*,1,153,54,54,49.90,true,false
panel-random512-40,random512-40-0.map,0,WA*(1.5),1,156,56,54,49.90,true,false
panel-random512-40,random512-40-0.map,0,GBFS,1,300,60,54,49.90,true,false
panel-random512-40,random512-40-0.map,0,IDA*,1,170,54,54,49.90,true,false
panel-random512-40,random512-40-0.map,0,Dijkstra,2,2369,110,110,100.63,true,false
panel-random512-40,random512-40-0.map,0,A*,2,1106,110,110,100.63,true,false
panel-random512-40,random512-40-0.map,0,WA*(1.5),2,626,110,110,100.63,true,false
panel-random512-40,random512-40-0.map,0,GBFS,2,217,126,110,100.63,true,false
panel-random512-40,random512-40-0.map,0,IDA*,2,3000000,0,110,100.63,false,true
panel-random512-40,random512-40-0.map,0,Dijkstra,3,8562,172,172,155.60,true,false
panel-random512-40,random512-40-0.map,0,A*,3,1958,172,172,155.60,true,false
panel-random512-40,random512-40-0.map,0,WA*(1.5),3,807,172,172,155.60,true,false
panel-random512-40,random512-40-0.map,0,GBFS,3,885,214,172,155.60,true,false
panel-random512-40,random512-40-0.map,0,IDA*,3,3000000,0,172,155.60,false,true
panel-random512-40,random512-40-0.map,0,Dijkstra,4,7843,216,216,200.18,true,false
panel-random512-40,random512-40-0.map,0,A*,4,3481,216,216,200.18,true,false
panel-random512-40,random512-40-0.map,0,WA*(1.5),4,2553,228,216,200.18,true,false
panel-random512-40,random512-40-0.map,0,GBFS,4,696,254,216,200.18,true,false
panel-random512-40,random512-40-0.map,0,IDA*,4,3000000,0,216,200.18,false,true
panel-random512-40,random512-40-0.map,0,Dijkstra,5,17213,276,276,252.57,true,false
panel-random512-40,random512-40-0.map,0,A*,5,9337,276,276,252.57,true,false
panel-random512-40,random512-40-0.map,0,WA*(1.5),5,6886,276,276,252.57,true,false
panel-random512-40,random512-40-0.map,0,GBFS,5,3065,316,276,252.57,true,false
panel-random512-40,random512-40-0.map,0,IDA*,5,3000000,0,276,252.57,false,true
panel-random512-40,random512-40-0.map,0,Dijkstra,6,23517,331,331,307.57,true,false
panel-random512-40,random512-40-0.map,0,A*,6,7579,331,331,307.57,true,false
panel-random512-40,random512-40-0.map,0,WA*(1.5),6,4747,335,331,307.57,true,false
panel-random512-40,random512-40-0.map,0,GBFS,6,913,367,331,307.57,true,false
panel-random512-40,random512-40-0.map,0,IDA*,6,3000000,0,331,307.57,false,true
panel-random512-40,random512-40-0.map,0,Dijkstra,7,35154,382,382,355.30,true,false
panel-random512-40,random512-40-0.map,0,A*,7,10967,382,382,355.30,true,false
panel-random512-40,random512-40-0.map,0,WA*(1.5),7,3613,392,382,355.30,true,false
panel-random512-40,random512-40-0.map,0,GBFS,7,5508,896,382,355.30,true,false
panel-random512-40,random512-40-0.map,0,IDA*,7,3000000,0,382,355.30,false,true
panel-random512-40,random512-40-0.map,0,Dijkstra,8,28396,440,440,407.20,true,false
panel-random512-40,random512-40-0.map,0,A*,8,11281,440,440,407.20,true,false
panel-random512-40,random512-40-0.map,0,WA*(1.5),8,2717,442,440,407.20,true,false
panel-random512-40,random512-40-0.map,0,GBFS,8,1031,490,440,407.20,true,false
panel-random512-40,random512-40-0.map,0,IDA*,8,3000000,0,440,407.20,false,true
panel-random512-40,random512-40-0.map,0,Dijkstra,9,66382,497,497,458.34,true,false
panel-random512-40,random512-40-0.map,0,A*,9,18445,497,497,458.34,true,false
panel-random512-40,random512-40-0.map,0,WA*(1.5),9,5172,497,497,458.34,true,false
panel-random512-40,random512-40-0.map,0,GBFS,9,3637,889,497,458.34,true,false
panel-random512-40,random512-40-0.map,0,IDA*,9,3000000,0,497,458.34,false,true
panel-random512-40,random512-40-0.map,0,Dijkstra,10,33188,550,550,507.82,true,false
panel-random512-40,random512-40-0.map,0,A*,10,13399,550,550,507.82,true,false
panel-random512-40,random512-40-0.map,0,WA*(1.5),10,8821,560,550,507.82,true,false
panel-random512-40,random512-40-0.map,0,GBFS,10,7189,638,550,507.82,true,false
panel-random512-40,random512-40-0.map,0,IDA*,10,3000000,0,550,507.82,false,true
panel-random512-40,random512-40-0.map,0,Dijkstra,11,77013,603,603,559.65,true,false
panel-random512-40,random512-40-0.map,0,A*,11,22275,603,603,559.65,true,false
panel-random512-40,random512-40-0.map,0,WA*(1.5),11,6921,607,603,559.65,true,false
panel-random512-40,random512-40-0.map,0,GBFS,11,5106,937,603,559.65,true,false
panel-random512-40,random512-40-0.map,0,IDA*,11,3000000,0,603,559.65,false,true
panel-random512-40,random512-40-0.map,0,Dijkstra,12,55896,661,661,610.04,true,false
panel-random512-40,random512-40-0.map,0,A*,12,22399,661,661,610.04,true,false
panel-random512-40,random512-40-0.map,0,WA*(1.5),12,14720,665,661,610.04,true,false
panel-random512-40,random512-40-0.map,0,GBFS,12,2779,825,661,610.04,true,false
panel-random512-40,random512-40-0.map,0,IDA*,12,3000000,0,661,610.04,false,true
panel-random512-40,random512-40-0.map,0,Dijkstra,13,84650,720,720,657.32,true,false
panel-random512-40,random512-40-0.map,0,A*,13,24194,720,720,657.32,true,false
panel-random512-40,random512-40-0.map,0,WA*(1.5),13,12037,730,720,657.32,true,false
panel-random512-40,random512-40-0.map,0,GBFS,13,6828,1078,720,657.32,true,false
panel-random512-40,random512-40-0.map,0,IDA*,13,3000000,0,720,657.32,false,true
panel-random512-40,random512-40-0.map,0,Dijkstra,14,48254,774,774,711.91,true,false
panel-random512-40,random512-40-0.map,0,A*,14,23205,774,774,711.91,true,false
panel-random512-40,random512-40-0.map,0,WA*(1.5),14,13114,784,774,711.91,true,false
panel-random512-40,random512-40-0.map,0,GBFS,14,6193,1060,774,711.91,true,false
panel-random512-40,random512-40-0.map,0,IDA*,14,3000000,0,774,711.91,false,true
panel-random512-40,random512-40-0.map,0,Dijkstra,15,82901,833,833,763.29,true,false
panel-random512-40,random512-40-0.map,0,A*,15,40294,833,833,763.29,true,false
panel-random512-40,random512-40-0.map,0,WA*(1.5),15,32423,841,833,763.29,true,false
panel-random512-40,random512-40-0.map,0,GBFS,15,19394,961,833,763.29,true,false
panel-random512-40,random512-40-0.map,0,IDA*,15,3000000,0,833,763.29,false,true
panel-random512-40,random512-40-0.map,0,Dijkstra,16,72306,876,876,809.22,true,false
panel-random512-40,random512-40-0.map,0,A*,16,32250,876,876,809.22,true,false
panel-random512-40,random512-40-0.map,0,WA*(1.5),16,18416,884,876,809.22,true,false
panel-random512-40,random512-40-0.map,0,GBFS,16,13900,1000,876,809.22,true,false
panel-random512-40,random512-40-0.map,0,IDA*,16,3000000,0,876,809.22,false,true
panel-random512-40,random512-40-0.map,0,Dijkstra,17,83225,935,935,862.36,true,false
panel-random512-40,random512-40-0.map,0,A*,17,38064,935,935,862.36,true,false
panel-random512-40,random512-40-0.map,0,WA*(1.5),17,16418,941,935,862.36,true,false
panel-random512-40,random512-40-0.map,0,GBFS,17,4922,1247,935,862.36,true,false
panel-random512-40,random512-40-0.map,0,IDA*,17,3000000,0,935,862.36,false,true
panel-random512-40,random512-40-0.map,0,Dijkstra,18,79737,994,994,914.92,true,false
panel-random512-40,random512-40-0.map,0,A*,18,47988,994,994,914.92,true,false
panel-random512-40,random512-40-0.map,0,WA*(1.5),18,32358,1026,994,914.92,true,false
panel-random512-40,random512-40-0.map,0,GBFS,18,6960,1472,994,914.92,true,false
panel-random512-40,random512-40-0.map,0,IDA*,18,3000000,0,994,914.92,false,true
panel-random512-40,random512-40-0.map,0,Dijkstra,19,101995,1050,1050,963.89,true,false
panel-random512-40,random512-40-0.map,0,A*,19,71276,1050,1050,963.89,true,false
panel-random512-40,random512-40-0.map,0,WA*(1.5),19,58102,1076,1050,963.89,true,false
panel-random512-40,random512-40-0.map,0,GBFS,19,21786,1290,1050,963.89,true,false
panel-random512-40,random512-40-0.map,0,IDA*,19,3000000,0,1050,963.89,false,true
panel-random512-40,random512-40-0.map,0,Dijkstra,20,86465,1101,1101,1014.30,true,false
panel-random512-40,random512-40-0.map,0,A*,20,50824,1101,1101,1014.30,true,false
panel-random512-40,random512-40-0.map,0,WA*(1.5),20,32599,1129,1101,1014.30,true,false
panel-random512-40,random512-40-0.map,0,GBFS,20,8289,1755,1101,1014.30,true,false
panel-random512-40,random512-40-0.map,0,IDA*,20,3000000,0,1101,1014.30,false,true
panel-random512-40,random512-40-0.map,0,Dijkstra,21,102899,1161,1161,1066.69,true,false
panel-random512-40,random512-40-0.map,0,A*,21,76460,1161,1161,1066.69,true,false
panel-random512-40,random512-40-0.map,0,WA*(1.5),21,48749,1177,1161,1066.69,true,false
panel-random512-40,random512-40-0.map,0,GBFS,21,18770,1377,1161,1066.69,true,false
panel-random512-40,random512-40-0.map,0,IDA*,21,3000000,0,1161,1066.69,false,true
panel-random512-40,random512-40-0.map,0,Dijkstra,22,83467,1208,1208,1115.45,true,false
panel-random512-40,random512-40-0.map,0,A*,22,50428,1208,1208,1115.45,true,false
panel-random512-40,random512-40-0.map,0,WA*(1.5),22,30295,1212,1208,1115.45,true,false
panel-random512-40,random512-40-0.map,0,GBFS,22,10771,1850,1208,1115.45,true,false
panel-random512-40,random512-40-0.map,0,IDA*,22,3000000,0,1208,1115.45,false,true
panel-random512-40,random512-40-0.map,0,Dijkstra,23,104076,1268,1268,1166.07,true,false
panel-random512-40,random512-40-0.map,0,A*,23,86649,1268,1268,1166.07,true,false
panel-random512-40,random512-40-0.map,0,WA*(1.5),23,51052,1288,1268,1166.07,true,false
panel-random512-40,random512-40-0.map,0,GBFS,23,22410,1626,1268,1166.07,true,false
panel-random512-40,random512-40-0.map,0,IDA*,23,3000000,0,1268,1166.07,false,true
panel-random512-40,random512-40-0.map,0,Dijkstra,24,103625,1325,1325,1218.97,true,false
panel-random512-40,random512-40-0.map,0,A*,24,86874,1325,1325,1218.97,true,false
panel-random512-40,random512-40-0.map,0,WA*(1.5),24,50988,1341,1325,1218.97,true,false
panel-random512-40,random512-40-0.map,0,GBFS,24,21400,1561,1325,1218.97,true,false
panel-random512-40,random512-40-0.map,0,IDA*,24,3000000,0,1325,1218.97,false,true
panel-street-Berlin,Berlin_1_256.map,0,Dijkstra,0,17191,126,126,111.94,true,false
panel-street-Berlin,Berlin_1_256.map,0,A*,0,1072,126,126,111.94,true,false
panel-street-Berlin,Berlin_1_256.map,0,WA*(1.5),0,155,136,126,111.94,true,false
panel-street-Berlin,Berlin_1_256.map,0,GBFS,0,141,138,126,111.94,true,false
panel-street-Berlin,Berlin_1_256.map,0,IDA*,0,597812,126,126,111.94,true,false
panel-street-Berlin,Berlin_1_256.map,0,Dijkstra,1,27812,169,169,146.15,true,false
panel-street-Berlin,Berlin_1_256.map,0,A*,1,1582,169,169,146.15,true,false
panel-street-Berlin,Berlin_1_256.map,0,WA*(1.5),1,1074,181,169,146.15,true,false
panel-street-Berlin,Berlin_1_256.map,0,GBFS,1,425,201,169,146.15,true,false
panel-street-Berlin,Berlin_1_256.map,0,IDA*,1,3000000,0,169,146.15,false,true
panel-street-Berlin,Berlin_1_256.map,0,Dijkstra,2,27990,184,184,161.74,true,false
panel-street-Berlin,Berlin_1_256.map,0,A*,2,4095,184,184,161.74,true,false
panel-street-Berlin,Berlin_1_256.map,0,WA*(1.5),2,2754,184,184,161.74,true,false
panel-street-Berlin,Berlin_1_256.map,0,GBFS,2,2544,328,184,161.74,true,false
panel-street-Berlin,Berlin_1_256.map,0,IDA*,2,3000000,0,184,161.74,false,true
panel-street-Berlin,Berlin_1_256.map,0,Dijkstra,3,31685,225,225,192.78,true,false
panel-street-Berlin,Berlin_1_256.map,0,A*,3,8096,225,225,192.78,true,false
panel-street-Berlin,Berlin_1_256.map,0,WA*(1.5),3,4912,227,225,192.78,true,false
panel-street-Berlin,Berlin_1_256.map,0,GBFS,3,2215,331,225,192.78,true,false
panel-street-Berlin,Berlin_1_256.map,0,IDA*,3,3000000,0,225,192.78,false,true
panel-street-Berlin,Berlin_1_256.map,0,Dijkstra,4,20750,137,137,112.98,true,false
panel-street-Berlin,Berlin_1_256.map,0,A*,4,1007,137,137,112.98,true,false
panel-street-Berlin,Berlin_1_256.map,0,WA*(1.5),4,138,137,137,112.98,true,false
panel-street-Berlin,Berlin_1_256.map,0,GBFS,4,138,137,137,112.98,true,false
panel-street-Berlin,Berlin_1_256.map,0,IDA*,4,138,137,137,112.98,true,false
panel-street-Berlin,Berlin_1_256.map,0,Dijkstra,5,34521,243,243,219.57,true,false
panel-street-Berlin,Berlin_1_256.map,0,A*,5,3388,243,243,219.57,true,false
panel-street-Berlin,Berlin_1_256.map,0,WA*(1.5),5,3474,281,243,219.57,true,false
panel-street-Berlin,Berlin_1_256.map,0,GBFS,5,1370,399,243,219.57,true,false
panel-street-Berlin,Berlin_1_256.map,0,IDA*,5,3000000,0,243,219.57,false,true
panel-street-Berlin,Berlin_1_256.map,0,Dijkstra,6,16824,120,120,104.77,true,false
panel-street-Berlin,Berlin_1_256.map,0,A*,6,1194,120,120,104.77,true,false
panel-street-Berlin,Berlin_1_256.map,0,WA*(1.5),6,504,126,120,104.77,true,false
panel-street-Berlin,Berlin_1_256.map,0,GBFS,6,1640,132,120,104.77,true,false
panel-street-Berlin,Berlin_1_256.map,0,IDA*,6,1267836,120,120,104.77,true,false
panel-street-Berlin,Berlin_1_256.map,0,Dijkstra,7,8241,68,68,50.43,true,false
panel-street-Berlin,Berlin_1_256.map,0,A*,7,665,68,68,50.43,true,false
panel-street-Berlin,Berlin_1_256.map,0,WA*(1.5),7,69,68,68,50.43,true,false
panel-street-Berlin,Berlin_1_256.map,0,GBFS,7,69,68,68,50.43,true,false
panel-street-Berlin,Berlin_1_256.map,0,IDA*,7,69,68,68,50.43,true,false
panel-street-Berlin,Berlin_1_256.map,0,Dijkstra,8,17376,149,149,126.74,true,false
panel-street-Berlin,Berlin_1_256.map,0,A*,8,1458,149,149,126.74,true,false
panel-street-Berlin,Berlin_1_256.map,0,WA*(1.5),8,229,151,149,126.74,true,false
panel-street-Berlin,Berlin_1_256.map,0,GBFS,8,186,165,149,126.74,true,false
panel-street-Berlin,Berlin_1_256.map,0,IDA*,8,3000000,0,149,126.74,false,true
panel-street-Berlin,Berlin_1_256.map,0,Dijkstra,9,12272,183,183,153.12,true,false
panel-street-Berlin,Berlin_1_256.map,0,A*,9,3260,183,183,153.12,true,false
panel-street-Berlin,Berlin_1_256.map,0,WA*(1.5),9,803,189,183,153.12,true,false
panel-street-Berlin,Berlin_1_256.map,0,GBFS,9,496,227,183,153.12,true,false
panel-street-Berlin,Berlin_1_256.map,0,IDA*,9,3000000,0,183,153.12,false,true
panel-street-Berlin,Berlin_1_256.map,0,Dijkstra,10,42248,280,280,242.51,true,false
panel-street-Berlin,Berlin_1_256.map,0,A*,10,5480,280,280,242.51,true,false
panel-street-Berlin,Berlin_1_256.map,0,WA*(1.5),10,369,284,280,242.51,true,false
panel-street-Berlin,Berlin_1_256.map,0,GBFS,10,333,300,280,242.51,true,false
panel-street-Berlin,Berlin_1_256.map,0,IDA*,10,3000000,0,280,242.51,false,true
panel-street-Berlin,Berlin_1_256.map,0,Dijkstra,11,21865,164,164,130.61,true,false
panel-street-Berlin,Berlin_1_256.map,0,A*,11,1333,164,164,130.61,true,false
panel-street-Berlin,Berlin_1_256.map,0,WA*(1.5),11,176,164,164,130.61,true,false
panel-street-Berlin,Berlin_1_256.map,0,GBFS,11,171,168,164,130.61,true,false
panel-street-Berlin,Berlin_1_256.map,0,IDA*,11,196,164,164,130.61,true,false
panel-street-Berlin,Berlin_1_256.map,0,Dijkstra,12,248,12,12,10.24,true,false
panel-street-Berlin,Berlin_1_256.map,0,A*,12,28,12,12,10.24,true,false
panel-street-Berlin,Berlin_1_256.map,0,WA*(1.5),12,13,12,12,10.24,true,false
panel-street-Berlin,Berlin_1_256.map,0,GBFS,12,13,12,12,10.24,true,false
panel-street-Berlin,Berlin_1_256.map,0,IDA*,12,13,12,12,10.24,true,false
panel-street-Berlin,Berlin_1_256.map,0,Dijkstra,13,8592,159,159,128.54,true,false
panel-street-Berlin,Berlin_1_256.map,0,A*,13,2138,159,159,128.54,true,false
panel-street-Berlin,Berlin_1_256.map,0,WA*(1.5),13,1451,159,159,128.54,true,false
panel-street-Berlin,Berlin_1_256.map,0,GBFS,13,864,177,159,128.54,true,false
panel-street-Berlin,Berlin_1_256.map,0,IDA*,13,3000000,0,159,128.54,false,true
panel-street-Berlin,Berlin_1_256.map,0,Dijkstra,14,39062,238,238,196.41,true,false
panel-street-Berlin,Berlin_1_256.map,0,A*,14,4079,238,238,196.41,true,false
panel-street-Berlin,Berlin_1_256.map,0,WA*(1.5),14,2082,246,238,196.41,true,false
panel-street-Berlin,Berlin_1_256.map,0,GBFS,14,1504,344,238,196.41,true,false
panel-street-Berlin,Berlin_1_256.map,0,IDA*,14,3000000,0,238,196.41,false,true
panel-street-Berlin,Berlin_1_256.map,0,Dijkstra,15,44421,286,286,239.14,true,false
panel-street-Berlin,Berlin_1_256.map,0,A*,15,4266,286,286,239.14,true,false
panel-street-Berlin,Berlin_1_256.map,0,WA*(1.5),15,990,304,286,239.14,true,false
panel-street-Berlin,Berlin_1_256.map,0,GBFS,15,1036,402,286,239.14,true,false
panel-street-Berlin,Berlin_1_256.map,0,IDA*,15,312876,286,286,239.14,true,false
panel-street-Berlin,Berlin_1_256.map,0,Dijkstra,16,31746,167,167,149.33,true,false
panel-street-Berlin,Berlin_1_256.map,0,A*,16,1140,167,167,149.33,true,false
panel-street-Berlin,Berlin_1_256.map,0,WA*(1.5),16,195,181,167,149.33,true,false
panel-street-Berlin,Berlin_1_256.map,0,GBFS,16,182,181,167,149.33,true,false
panel-street-Berlin,Berlin_1_256.map,0,IDA*,16,3000000,0,167,149.33,false,true
panel-street-Berlin,Berlin_1_256.map,0,Dijkstra,17,26958,198,198,172.23,true,false
panel-street-Berlin,Berlin_1_256.map,0,A*,17,3069,198,198,172.23,true,false
panel-street-Berlin,Berlin_1_256.map,0,WA*(1.5),17,519,198,198,172.23,true,false
panel-street-Berlin,Berlin_1_256.map,0,GBFS,17,464,198,198,172.23,true,false
panel-street-Berlin,Berlin_1_256.map,0,IDA*,17,3000000,0,198,172.23,false,true
panel-street-Berlin,Berlin_1_256.map,0,Dijkstra,18,44512,350,350,281.95,true,false
panel-street-Berlin,Berlin_1_256.map,0,A*,18,9205,350,350,281.95,true,false
panel-street-Berlin,Berlin_1_256.map,0,WA*(1.5),18,1580,368,350,281.95,true,false
panel-street-Berlin,Berlin_1_256.map,0,GBFS,18,1307,478,350,281.95,true,false
panel-street-Berlin,Berlin_1_256.map,0,IDA*,18,317003,350,350,281.95,true,false
panel-street-Berlin,Berlin_1_256.map,0,Dijkstra,19,30078,182,182,156.23,true,false
panel-street-Berlin,Berlin_1_256.map,0,A*,19,4682,182,182,156.23,true,false
panel-street-Berlin,Berlin_1_256.map,0,WA*(1.5),19,1804,188,182,156.23,true,false
panel-street-Berlin,Berlin_1_256.map,0,GBFS,19,2997,386,182,156.23,true,false
panel-street-Berlin,Berlin_1_256.map,0,IDA*,19,3000000,0,182,156.23,false,true
panel-street-Berlin,Berlin_1_256.map,0,Dijkstra,20,33871,261,261,227.61,true,false
panel-street-Berlin,Berlin_1_256.map,0,A*,20,4133,261,261,227.61,true,false
panel-street-Berlin,Berlin_1_256.map,0,WA*(1.5),20,2002,265,261,227.61,true,false
panel-street-Berlin,Berlin_1_256.map,0,GBFS,20,1241,349,261,227.61,true,false
panel-street-Berlin,Berlin_1_256.map,0,IDA*,20,3000000,0,261,227.61,false,true
panel-street-Berlin,Berlin_1_256.map,0,Dijkstra,21,31416,261,261,231.71,true,false
panel-street-Berlin,Berlin_1_256.map,0,A*,21,8925,261,261,231.71,true,false
panel-street-Berlin,Berlin_1_256.map,0,WA*(1.5),21,6082,271,261,231.71,true,false
panel-street-Berlin,Berlin_1_256.map,0,GBFS,21,2236,337,261,231.71,true,false
panel-street-Berlin,Berlin_1_256.map,0,IDA*,21,3000000,0,261,231.71,false,true
panel-street-Berlin,Berlin_1_256.map,0,Dijkstra,22,2113,42,42,39.66,true,false
panel-street-Berlin,Berlin_1_256.map,0,A*,22,161,42,42,39.66,true,false
panel-street-Berlin,Berlin_1_256.map,0,WA*(1.5),22,43,42,42,39.66,true,false
panel-street-Berlin,Berlin_1_256.map,0,GBFS,22,43,42,42,39.66,true,false
panel-street-Berlin,Berlin_1_256.map,0,IDA*,22,43,42,42,39.66,true,false
panel-street-Berlin,Berlin_1_256.map,0,Dijkstra,23,45981,405,405,328.75,true,false
panel-street-Berlin,Berlin_1_256.map,0,A*,23,23584,405,405,328.75,true,false
panel-street-Berlin,Berlin_1_256.map,0,WA*(1.5),23,3106,439,405,328.75,true,false
panel-street-Berlin,Berlin_1_256.map,0,GBFS,23,1198,501,405,328.75,true,false
panel-street-Berlin,Berlin_1_256.map,0,IDA*,23,3000000,0,405,328.75,false,true
panel-street-Berlin,Berlin_1_256.map,0,Dijkstra,24,19165,160,160,145.15,true,false
panel-street-Berlin,Berlin_1_256.map,0,A*,24,7382,160,160,145.15,true,false
panel-street-Berlin,Berlin_1_256.map,0,WA*(1.5),24,5835,168,160,145.15,true,false
panel-street-Berlin,Berlin_1_256.map,0,GBFS,24,1376,176,160,145.15,true,false
panel-street-Berlin,Berlin_1_256.map,0,IDA*,24,3000000,0,160,145.15,false,true
panel-street-Boston,Boston_0_256.map,0,Dijkstra,0,23627,148,148,120.47,true,false
panel-street-Boston,Boston_0_256.map,0,A*,0,3425,148,148,120.47,true,false
panel-street-Boston,Boston_0_256.map,0,WA*(1.5),0,452,148,148,120.47,true,false
panel-street-Boston,Boston_0_256.map,0,GBFS,0,275,186,148,120.47,true,false
panel-street-Boston,Boston_0_256.map,0,IDA*,0,3000000,0,148,120.47,false,true
panel-street-Boston,Boston_0_256.map,0,Dijkstra,1,36753,293,293,256.68,true,false
panel-street-Boston,Boston_0_256.map,0,A*,1,7232,293,293,256.68,true,false
panel-street-Boston,Boston_0_256.map,0,WA*(1.5),1,791,293,293,256.68,true,false
panel-street-Boston,Boston_0_256.map,0,GBFS,1,334,301,293,256.68,true,false
panel-street-Boston,Boston_0_256.map,0,IDA*,1,3000000,0,293,256.68,false,true
panel-street-Boston,Boston_0_256.map,0,Dijkstra,2,17303,147,147,122.40,true,false
panel-street-Boston,Boston_0_256.map,0,A*,2,1038,147,147,122.40,true,false
panel-street-Boston,Boston_0_256.map,0,WA*(1.5),2,498,165,147,122.40,true,false
panel-street-Boston,Boston_0_256.map,0,GBFS,2,229,187,147,122.40,true,false
panel-street-Boston,Boston_0_256.map,0,IDA*,2,3000000,0,147,122.40,false,true
panel-street-Boston,Boston_0_256.map,0,Dijkstra,3,23786,153,153,120.20,true,false
panel-street-Boston,Boston_0_256.map,0,A*,3,1904,153,153,120.20,true,false
panel-street-Boston,Boston_0_256.map,0,WA*(1.5),3,168,153,153,120.20,true,false
panel-street-Boston,Boston_0_256.map,0,GBFS,3,168,159,153,120.20,true,false
panel-street-Boston,Boston_0_256.map,0,IDA*,3,187,153,153,120.20,true,false
panel-street-Boston,Boston_0_256.map,0,Dijkstra,4,14975,157,157,134.15,true,false
panel-street-Boston,Boston_0_256.map,0,A*,4,1449,157,157,134.15,true,false
panel-street-Boston,Boston_0_256.map,0,WA*(1.5),4,195,157,157,134.15,true,false
panel-street-Boston,Boston_0_256.map,0,GBFS,4,166,161,157,134.15,true,false
panel-street-Boston,Boston_0_256.map,0,IDA*,4,3000000,0,157,134.15,false,true
panel-street-Boston,Boston_0_256.map,0,Dijkstra,5,16418,141,141,101.17,true,false
panel-street-Boston,Boston_0_256.map,0,A*,5,598,141,141,101.17,true,false
panel-street-Boston,Boston_0_256.map,0,WA*(1.5),5,258,141,141,101.17,true,false
panel-street-Boston,Boston_0_256.map,0,GBFS,5,284,225,141,101.17,true,false
panel-street-Boston,Boston_0_256.map,0,IDA*,5,539,141,141,101.17,true,false
panel-street-Boston,Boston_0_256.map,0,Dijkstra,6,39037,239,239,205.02,true,false
panel-street-Boston,Boston_0_256.map,0,A*,6,2362,239,239,205.02,true,false
panel-street-Boston,Boston_0_256.map,0,WA*(1.5),6,898,239,239,205.02,true,false
panel-street-Boston,Boston_0_256.map,0,GBFS,6,327,245,239,205.02,true,false
panel-street-Boston,Boston_0_256.map,0,IDA*,6,3000000,0,239,205.02,false,true
panel-street-Boston,Boston_0_256.map,0,Dijkstra,7,8074,127,127,109.43,true,false
panel-street-Boston,Boston_0_256.map,0,A*,7,1318,127,127,109.43,true,false
panel-street-Boston,Boston_0_256.map,0,WA*(1.5),7,306,127,127,109.43,true,false
panel-street-Boston,Boston_0_256.map,0,GBFS,7,191,127,127,109.43,true,false
panel-street-Boston,Boston_0_256.map,0,IDA*,7,3000000,0,127,109.43,false,true
panel-street-Boston,Boston_0_256.map,0,Dijkstra,8,39090,365,365,291.19,true,false
panel-street-Boston,Boston_0_256.map,0,A*,8,16018,365,365,291.19,true,false
panel-street-Boston,Boston_0_256.map,0,WA*(1.5),8,14084,365,365,291.19,true,false
panel-street-Boston,Boston_0_256.map,0,GBFS,8,5930,435,365,291.19,true,false
panel-street-Boston,Boston_0_256.map,0,IDA*,8,3000000,0,365,291.19,false,true
panel-street-Boston,Boston_0_256.map,0,Dijkstra,9,35873,365,365,299.98,true,false
panel-street-Boston,Boston_0_256.map,0,A*,9,10064,365,365,299.98,true,false
panel-street-Boston,Boston_0_256.map,0,WA*(1.5),9,7080,397,365,299.98,true,false
panel-street-Boston,Boston_0_256.map,0,GBFS,9,4144,413,365,299.98,true,false
panel-street-Boston,Boston_0_256.map,0,IDA*,9,3000000,0,365,299.98,false,true
panel-street-Boston,Boston_0_256.map,0,Dijkstra,10,44979,238,238,193.48,true,false
panel-street-Boston,Boston_0_256.map,0,A*,10,5165,238,238,193.48,true,false
panel-street-Boston,Boston_0_256.map,0,WA*(1.5),10,557,250,238,193.48,true,false
panel-street-Boston,Boston_0_256.map,0,GBFS,10,350,280,238,193.48,true,false
panel-street-Boston,Boston_0_256.map,0,IDA*,10,3000000,0,238,193.48,false,true
panel-street-Boston,Boston_0_256.map,0,Dijkstra,11,43411,261,261,207.69,true,false
panel-street-Boston,Boston_0_256.map,0,A*,11,4355,261,261,207.69,true,false
panel-street-Boston,Boston_0_256.map,0,WA*(1.5),11,1169,287,261,207.69,true,false
panel-street-Boston,Boston_0_256.map,0,GBFS,11,1352,401,261,207.69,true,false
panel-street-Boston,Boston_0_256.map,0,IDA*,11,3000000,0,261,207.69,false,true
panel-street-Boston,Boston_0_256.map,0,Dijkstra,12,24174,189,189,150.92,true,false
panel-street-Boston,Boston_0_256.map,0,A*,12,4370,189,189,150.92,true,false
panel-street-Boston,Boston_0_256.map,0,WA*(1.5),12,286,197,189,150.92,true,false
panel-street-Boston,Boston_0_256.map,0,GBFS,12,239,213,189,150.92,true,false
panel-street-Boston,Boston_0_256.map,0,IDA*,12,1385536,189,189,150.92,true,false
panel-street-Boston,Boston_0_256.map,0,Dijkstra,13,33012,186,186,135.04,true,false
panel-street-Boston,Boston_0_256.map,0,A*,13,985,186,186,135.04,true,false
panel-street-Boston,Boston_0_256.map,0,WA*(1.5),13,269,198,186,135.04,true,false
panel-street-Boston,Boston_0_256.map,0,GBFS,13,206,198,186,135.04,true,false
panel-street-Boston,Boston_0_256.map,0,IDA*,13,296,186,186,135.04,true,false
panel-street-Boston,Boston_0_256.map,0,Dijkstra,14,382,14,14,9.90,true,false
panel-street-Boston,Boston_0_256.map,0,A*,14,43,14,14,9.90,true,false
panel-street-Boston,Boston_0_256.map,0,WA*(1.5),14,15,14,14,9.90,true,false
panel-street-Boston,Boston_0_256.map,0,GBFS,14,15,14,14,9.90,true,false
panel-street-Boston,Boston_0_256.map,0,IDA*,14,15,14,14,9.90,true,false
panel-street-Boston,Boston_0_256.map,0,Dijkstra,15,10033,104,104,88.77,true,false
panel-street-Boston,Boston_0_256.map,0,A*,15,1590,104,104,88.77,true,false
panel-street-Boston,Boston_0_256.map,0,WA*(1.5),15,964,114,104,88.77,true,false
panel-street-Boston,Boston_0_256.map,0,GBFS,15,212,114,104,88.77,true,false
panel-street-Boston,Boston_0_256.map,0,IDA*,15,3000000,0,104,88.77,false,true
panel-street-Boston,Boston_0_256.map,0,Dijkstra,16,19412,208,208,176.95,true,false
panel-street-Boston,Boston_0_256.map,0,A*,16,4356,208,208,176.95,true,false
panel-street-Boston,Boston_0_256.map,0,WA*(1.5),16,766,208,208,176.95,true,false
panel-street-Boston,Boston_0_256.map,0,GBFS,16,273,212,208,176.95,true,false
panel-street-Boston,Boston_0_256.map,0,IDA*,16,3000000,0,208,176.95,false,true
panel-street-Boston,Boston_0_256.map,0,Dijkstra,17,13905,115,115,109.73,true,false
panel-street-Boston,Boston_0_256.map,0,A*,17,362,115,115,109.73,true,false
panel-street-Boston,Boston_0_256.map,0,WA*(1.5),17,206,119,115,109.73,true,false
panel-street-Boston,Boston_0_256.map,0,GBFS,17,149,137,115,109.73,true,false
panel-street-Boston,Boston_0_256.map,0,IDA*,17,1160863,115,115,109.73,true,false
panel-street-Boston,Boston_0_256.map,0,Dijkstra,18,43998,345,345,262.40,true,false
panel-street-Boston,Boston_0_256.map,0,A*,18,9489,345,345,262.40,true,false
panel-street-Boston,Boston_0_256.map,0,WA*(1.5),18,5957,359,345,262.40,true,false
panel-street-Boston,Boston_0_256.map,0,GBFS,18,2066,451,345,262.40,true,false
panel-street-Boston,Boston_0_256.map,0,IDA*,18,3000000,0,345,262.40,false,true
panel-street-Boston,Boston_0_256.map,0,Dijkstra,19,4523,62,62,49.70,true,false
panel-street-Boston,Boston_0_256.map,0,A*,19,443,62,62,49.70,true,false
panel-street-Boston,Boston_0_256.map,0,WA*(1.5),19,63,62,62,49.70,true,false
panel-street-Boston,Boston_0_256.map,0,GBFS,19,63,62,62,49.70,true,false
panel-street-Boston,Boston_0_256.map,0,IDA*,19,63,62,62,49.70,true,false
panel-street-Boston,Boston_0_256.map,0,Dijkstra,20,43032,380,380,289.83,true,false
panel-street-Boston,Boston_0_256.map,0,A*,20,30375,380,380,289.83,true,false
panel-street-Boston,Boston_0_256.map,0,WA*(1.5),20,14849,406,380,289.83,true,false
panel-street-Boston,Boston_0_256.map,0,GBFS,20,3340,594,380,289.83,true,false
panel-street-Boston,Boston_0_256.map,0,IDA*,20,3000000,0,380,289.83,false,true
panel-street-Boston,Boston_0_256.map,0,Dijkstra,21,7827,79,79,62.01,true,false
panel-street-Boston,Boston_0_256.map,0,A*,21,745,79,79,62.01,true,false
panel-street-Boston,Boston_0_256.map,0,WA*(1.5),21,261,91,79,62.01,true,false
panel-street-Boston,Boston_0_256.map,0,GBFS,21,98,97,79,62.01,true,false
panel-street-Boston,Boston_0_256.map,0,IDA*,21,3000000,0,79,62.01,false,true
panel-street-Boston,Boston_0_256.map,0,Dijkstra,22,27833,272,272,206.98,true,false
panel-street-Boston,Boston_0_256.map,0,A*,22,4448,272,272,206.98,true,false
panel-street-Boston,Boston_0_256.map,0,WA*(1.5),22,1429,336,272,206.98,true,false
panel-street-Boston,Boston_0_256.map,0,GBFS,22,492,392,272,206.98,true,false
panel-street-Boston,Boston_0_256.map,0,IDA*,22,3000000,0,272,206.98,false,true
panel-street-Boston,Boston_0_256.map,0,Dijkstra,23,4264,67,67,57.04,true,false
panel-street-Boston,Boston_0_256.map,0,A*,23,509,67,67,57.04,true,false
panel-street-Boston,Boston_0_256.map,0,WA*(1.5),23,524,77,67,57.04,true,false
panel-street-Boston,Boston_0_256.map,0,GBFS,23,243,121,67,57.04,true,false
panel-street-Boston,Boston_0_256.map,0,IDA*,23,3000000,0,67,57.04,false,true
panel-street-Boston,Boston_0_256.map,0,Dijkstra,24,21956,294,294,225.46,true,false
panel-street-Boston,Boston_0_256.map,0,A*,24,5639,294,294,225.46,true,false
panel-street-Boston,Boston_0_256.map,0,WA*(1.5),24,1675,302,294,225.46,true,false
panel-street-Boston,Boston_0_256.map,0,GBFS,24,573,408,294,225.46,true,false
panel-street-Boston,Boston_0_256.map,0,IDA*,24,3000000,0,294,225.46,false,true
panel-street-Paris,Paris_1_256.map,0,Dijkstra,0,20375,139,139,118.50,true,false
panel-street-Paris,Paris_1_256.map,0,A*,0,1996,139,139,118.50,true,false
panel-street-Paris,Paris_1_256.map,0,WA*(1.5),0,140,139,139,118.50,true,false
panel-street-Paris,Paris_1_256.map,0,GBFS,0,140,139,139,118.50,true,false
panel-street-Paris,Paris_1_256.map,0,IDA*,0,140,139,139,118.50,true,false
panel-street-Paris,Paris_1_256.map,0,Dijkstra,1,21348,159,159,123.85,true,false
panel-street-Paris,Paris_1_256.map,0,A*,1,1905,159,159,123.85,true,false
panel-street-Paris,Paris_1_256.map,0,WA*(1.5),1,606,161,159,123.85,true,false
panel-street-Paris,Paris_1_256.map,0,GBFS,1,442,213,159,123.85,true,false
panel-street-Paris,Paris_1_256.map,0,IDA*,1,3000000,0,159,123.85,false,true
panel-street-Paris,Paris_1_256.map,0,Dijkstra,2,40070,316,316,273.24,true,false
panel-street-Paris,Paris_1_256.map,0,A*,2,3531,316,316,273.24,true,false
panel-street-Paris,Paris_1_256.map,0,WA*(1.5),2,2452,376,316,273.24,true,false
panel-street-Paris,Paris_1_256.map,0,GBFS,2,1557,452,316,273.24,true,false
panel-street-Paris,Paris_1_256.map,0,IDA*,2,3000000,0,316,273.24,false,true
panel-street-Paris,Paris_1_256.map,0,Dijkstra,3,26209,188,188,155.10,true,false
panel-street-Paris,Paris_1_256.map,0,A*,3,3691,188,188,155.10,true,false
panel-street-Paris,Paris_1_256.map,0,WA*(1.5),3,259,188,188,155.10,true,false
panel-street-Paris,Paris_1_256.map,0,GBFS,3,211,198,188,155.10,true,false
panel-street-Paris,Paris_1_256.map,0,IDA*,3,3000000,0,188,155.10,false,true
panel-street-Paris,Paris_1_256.map,0,Dijkstra,4,38562,275,275,227.35,true,false
panel-street-Paris,Paris_1_256.map,0,A*,4,4644,275,275,227.35,true,false
panel-street-Paris,Paris_1_256.map,0,WA*(1.5),4,277,275,275,227.35,true,false
panel-street-Paris,Paris_1_256.map,0,GBFS,4,277,275,275,227.35,true,false
panel-street-Paris,Paris_1_256.map,0,IDA*,4,277,275,275,227.35,true,false
panel-street-Paris,Paris_1_256.map,0,Dijkstra,5,14646,259,259,192.81,true,false
panel-street-Paris,Paris_1_256.map,0,A*,5,5050,259,259,192.81,true,false
panel-street-Paris,Paris_1_256.map,0,WA*(1.5),5,2899,261,259,192.81,true,false
panel-street-Paris,Paris_1_256.map,0,GBFS,5,2153,277,259,192.81,true,false
panel-street-Paris,Paris_1_256.map,0,IDA*,5,3000000,0,259,192.81,false,true
panel-street-Paris,Paris_1_256.map,0,Dijkstra,6,30794,189,189,158.54,true,false
panel-street-Paris,Paris_1_256.map,0,A*,6,3697,189,189,158.54,true,false
panel-street-Paris,Paris_1_256.map,0,WA*(1.5),6,201,193,189,158.54,true,false
panel-street-Paris,Paris_1_256.map,0,GBFS,6,199,195,189,158.54,true,false
panel-street-Paris,Paris_1_256.map,0,IDA*,6,287,189,189,158.54,true,false
panel-street-Paris,Paris_1_256.map,0,Dijkstra,7,45079,362,362,291.71,true,false
panel-street-Paris,Paris_1_256.map,0,A*,7,21762,362,362,291.71,true,false
panel-street-Paris,Paris_1_256.map,0,WA*(1.5),7,11186,402,362,291.71,true,false
panel-street-Paris,Paris_1_256.map,0,GBFS,7,2454,624,362,291.71,true,false
panel-street-Paris,Paris_1_256.map,0,IDA*,7,3000000,0,362,291.71,false,true
panel-street-Paris,Paris_1_256.map,0,Dijkstra,8,46479,335,335,268.22,true,false
panel-street-Paris,Paris_1_256.map,0,A*,8,11918,335,335,268.22,true,false
panel-street-Paris,Paris_1_256.map,0,WA*(1.5),8,1900,377,335,268.22,true,false
panel-street-Paris,Paris_1_256.map,0,GBFS,8,551,459,335,268.22,true,false
panel-street-Paris,Paris_1_256.map,0,IDA*,8,3000000,0,335,268.22,false,true
panel-street-Paris,Paris_1_256.map,0,Dijkstra,9,38350,215,215,176.34,true,false
panel-street-Paris,Paris_1_256.map,0,A*,9,5966,215,215,176.34,true,false
panel-street-Paris,Paris_1_256.map,0,WA*(1.5),9,548,233,215,176.34,true,false
panel-street-Paris,Paris_1_256.map,0,GBFS,9,268,241,215,176.34,true,false
panel-street-Paris,Paris_1_256.map,0,IDA*,9,3000000,0,215,176.34,false,true
panel-street-Paris,Paris_1_256.map,0,Dijkstra,10,37364,255,255,199.35,true,false
panel-street-Paris,Paris_1_256.map,0,A*,10,5913,255,255,199.35,true,false
panel-street-Paris,Paris_1_256.map,0,WA*(1.5),10,1380,265,255,199.35,true,false
panel-street-Paris,Paris_1_256.map,0,GBFS,10,1154,381,255,199.35,true,false
panel-street-Paris,Paris_1_256.map,0,IDA*,10,3000000,0,255,199.35,false,true
panel-street-Paris,Paris_1_256.map,0,Dijkstra,11,35544,290,290,257.78,true,false
panel-street-Paris,Paris_1_256.map,0,A*,11,10567,290,290,257.78,true,false
panel-street-Paris,Paris_1_256.map,0,WA*(1.5),11,4833,348,290,257.78,true,false
panel-street-Paris,Paris_1_256.map,0,GBFS,11,858,400,290,257.78,true,false
panel-street-Paris,Paris_1_256.map,0,IDA*,11,3000000,0,290,257.78,false,true
panel-street-Paris,Paris_1_256.map,0,Dijkstra,12,34260,167,167,132.44,true,false
panel-street-Paris,Paris_1_256.map,0,A*,12,3578,167,167,132.44,true,false
panel-street-Paris,Paris_1_256.map,0,WA*(1.5),12,977,187,167,132.44,true,false
panel-street-Paris,Paris_1_256.map,0,GBFS,12,697,255,167,132.44,true,false
panel-street-Paris,Paris_1_256.map,0,IDA*,12,3000000,0,167,132.44,false,true
panel-street-Paris,Paris_1_256.map,0,Dijkstra,13,12443,149,149,130.15,true,false
panel-street-Paris,Paris_1_256.map,0,A*,13,2133,149,149,130.15,true,false
panel-street-Paris,Paris_1_256.map,0,WA*(1.5),13,896,167,149,130.15,true,false
panel-street-Paris,Paris_1_256.map,0,GBFS,13,264,203,149,130.15,true,false
panel-street-Paris,Paris_1_256.map,0,IDA*,13,3000000,0,149,130.15,false,true
panel-street-Paris,Paris_1_256.map,0,Dijkstra,14,30973,219,219,172.14,true,false
panel-street-Paris,Paris_1_256.map,0,A*,14,8533,219,219,172.14,true,false
panel-street-Paris,Paris_1_256.map,0,WA*(1.5),14,2746,243,219,172.14,true,false
panel-street-Paris,Paris_1_256.map,0,GBFS,14,608,267,219,172.14,true,false
panel-street-Paris,Paris_1_256.map,0,IDA*,14,3000000,0,219,172.14,false,true
panel-street-Paris,Paris_1_256.map,0,Dijkstra,15,35508,291,291,257.02,true,false
panel-street-Paris,Paris_1_256.map,0,A*,15,7455,291,291,257.02,true,false
panel-street-Paris,Paris_1_256.map,0,WA*(1.5),15,1597,331,291,257.02,true,false
panel-street-Paris,Paris_1_256.map,0,GBFS,15,748,349,291,257.02,true,false
panel-street-Paris,Paris_1_256.map,0,IDA*,15,3000000,0,291,257.02,false,true
panel-street-Paris,Paris_1_256.map,0,Dijkstra,16,17264,131,131,114.30,true,false
panel-street-Paris,Paris_1_256.map,0,A*,16,1526,131,131,114.30,true,false
panel-street-Paris,Paris_1_256.map,0,WA*(1.5),16,146,131,131,114.30,true,false
panel-street-Paris,Paris_1_256.map,0,GBFS,16,132,131,131,114.30,true,false
panel-street-Paris,Paris_1_256.map,0,IDA*,16,3000000,0,131,114.30,false,true
panel-street-Paris,Paris_1_256.map,0,Dijkstra,17,23422,143,143,117.23,true,false
panel-street-Paris,Paris_1_256.map,0,A*,17,2944,143,143,117.23,true,false
panel-street-Paris,Paris_1_256.map,0,WA*(1.5),17,1664,143,143,117.23,true,false
panel-street-Paris,Paris_1_256.map,0,GBFS,17,413,143,143,117.23,true,false
panel-street-Paris,Paris_1_256.map,0,IDA*,17,3000000,0,143,117.23,false,true
panel-street-Paris,Paris_1_256.map,0,Dijkstra,18,2046,84,84,68.18,true,false
panel-street-Paris,Paris_1_256.map,0,A*,18,705,84,84,68.18,true,false
panel-street-Paris,Paris_1_256.map,0,WA*(1.5),18,117,90,84,68.18,true,false
panel-street-Paris,Paris_1_256.map,0,GBFS,18,94,90,84,68.18,true,false
panel-street-Paris,Paris_1_256.map,0,IDA*,18,3000000,0,84,68.18,false,true
panel-street-Paris,Paris_1_256.map,0,Dijkstra,19,28514,227,227,191.85,true,false
panel-street-Paris,Paris_1_256.map,0,A*,19,7551,227,227,191.85,true,false
panel-street-Paris,Paris_1_256.map,0,WA*(1.5),19,1730,235,227,191.85,true,false
panel-street-Paris,Paris_1_256.map,0,GBFS,19,915,307,227,191.85,true,false
panel-street-Paris,Paris_1_256.map,0,IDA*,19,3000000,0,227,191.85,false,true
panel-street-Paris,Paris_1_256.map,0,Dijkstra,20,19882,142,142,115.64,true,false
panel-street-Paris,Paris_1_256.map,0,A*,20,1494,142,142,115.64,true,false
panel-street-Paris,Paris_1_256.map,0,WA*(1.5),20,577,150,142,115.64,true,false
panel-street-Paris,Paris_1_256.map,0,GBFS,20,348,194,142,115.64,true,false
panel-street-Paris,Paris_1_256.map,0,IDA*,20,3000000,0,142,115.64,false,true
panel-street-Paris,Paris_1_256.map,0,Dijkstra,21,565,32,32,26.14,true,false
panel-street-Paris,Paris_1_256.map,0,A*,21,119,32,32,26.14,true,false
panel-street-Paris,Paris_1_256.map,0,WA*(1.5),21,34,32,32,26.14,true,false
panel-street-Paris,Paris_1_256.map,0,GBFS,21,34,32,32,26.14,true,false
panel-street-Paris,Paris_1_256.map,0,IDA*,21,34,32,32,26.14,true,false
panel-street-Paris,Paris_1_256.map,0,Dijkstra,22,18705,165,165,141.57,true,false
panel-street-Paris,Paris_1_256.map,0,A*,22,3066,165,165,141.57,true,false
panel-street-Paris,Paris_1_256.map,0,WA*(1.5),22,1411,191,165,141.57,true,false
panel-street-Paris,Paris_1_256.map,0,GBFS,22,1129,255,165,141.57,true,false
panel-street-Paris,Paris_1_256.map,0,IDA*,22,3000000,0,165,141.57,false,true
panel-street-Paris,Paris_1_256.map,0,Dijkstra,23,420,18,18,13.31,true,false
panel-street-Paris,Paris_1_256.map,0,A*,23,71,18,18,13.31,true,false
panel-street-Paris,Paris_1_256.map,0,WA*(1.5),23,19,18,18,13.31,true,false
panel-street-Paris,Paris_1_256.map,0,GBFS,23,19,18,18,13.31,true,false
panel-street-Paris,Paris_1_256.map,0,IDA*,23,19,18,18,13.31,true,false
panel-street-Paris,Paris_1_256.map,0,Dijkstra,24,42669,363,363,289.78,true,false
panel-street-Paris,Paris_1_256.map,0,A*,24,14750,363,363,289.78,true,false
panel-street-Paris,Paris_1_256.map,0,WA*(1.5),24,7774,413,363,289.78,true,false
panel-street-Paris,Paris_1_256.map,0,GBFS,24,1003,479,363,289.78,true,false
panel-street-Paris,Paris_1_256.map,0,IDA*,24,3000000,0,363,289.78,false,true
